-- phpMyAdmin SQL Dump
-- version 4.8.2
-- https://www.phpmyadmin.net/
--
-- Host: 127.0.0.1
-- Generation Time: Mar 27, 2019 at 12:04 PM
-- Server version: 10.1.34-MariaDB
-- PHP Version: 5.6.37

SET SQL_MODE = "NO_AUTO_VALUE_ON_ZERO";
SET AUTOCOMMIT = 0;
START TRANSACTION;
SET time_zone = "+00:00";


/*!40101 SET @OLD_CHARACTER_SET_CLIENT=@@CHARACTER_SET_CLIENT */;
/*!40101 SET @OLD_CHARACTER_SET_RESULTS=@@CHARACTER_SET_RESULTS */;
/*!40101 SET @OLD_COLLATION_CONNECTION=@@COLLATION_CONNECTION */;
/*!40101 SET NAMES utf8mb4 */;

--
-- Database: `socialnetwork`
--

-- --------------------------------------------------------

--
-- Table structure for table `calendar_events`
--

CREATE TABLE `calendar_events` (
  `ID` int(11) NOT NULL,
  `title` varchar(500) COLLATE utf8_unicode_ci NOT NULL,
  `start` datetime NOT NULL,
  `end` datetime NOT NULL,
  `description` varchar(1000) COLLATE utf8_unicode_ci NOT NULL,
  `userid` int(11) NOT NULL,
  `pageid` int(11) NOT NULL,
  `location` varchar(500) COLLATE utf8_unicode_ci NOT NULL
) ENGINE=InnoDB DEFAULT CHARSET=utf8 COLLATE=utf8_unicode_ci;

--
-- Dumping data for table `calendar_events`
--

INSERT INTO `calendar_events` (`ID`, `title`, `start`, `end`, `description`, `userid`, `pageid`, `location`) VALUES
(1, 'chur inaugration', '2019-02-19 00:00:00', '2019-02-22 00:00:00', 'sadbasdhvhasgd', 1, 1, 'Hyderabad, Telangana, India'),
(2, 'event at there', '2019-02-28 00:00:00', '2019-02-28 00:00:00', 'come all', 1, 4, 'LB Nagar, Hyderabad, Telangana, India'),
(3, 'sadsa', '2019-03-01 01:00:00', '2019-03-21 03:00:00', 'dsadsa', 1, 4, 'Delhi, India'),
(4, 'sadsad', '2019-02-13 00:00:00', '2019-02-13 00:00:00', 'sadsad', 1, 5, 'LB Nagar, Hyderabad, Telangana, India'),
(5, 'asdsda', '2019-02-28 00:00:00', '2019-02-28 00:00:00', '', 1, 7, ''),
(6, 'dsf', '2019-03-02 00:00:00', '2019-03-02 00:00:00', '', 1, 5, ''),
(7, 'great', '2019-03-27 00:00:00', '2019-03-27 00:00:00', '', 1, 5, ''),
(8, 'new event', '2019-03-13 00:00:00', '2019-03-13 00:00:00', '', 1, 9, 'LB Nagar, Hyderabad, Telangana, India');

-- --------------------------------------------------------

--
-- Table structure for table `calendar_event_users`
--

CREATE TABLE `calendar_event_users` (
  `ID` int(11) NOT NULL,
  `eventid` int(11) NOT NULL,
  `userid` int(11) NOT NULL,
  `status` int(11) NOT NULL
) ENGINE=InnoDB DEFAULT CHARSET=latin1;

--
-- Dumping data for table `calendar_event_users`
--

INSERT INTO `calendar_event_users` (`ID`, `eventid`, `userid`, `status`) VALUES
(1, 1, 1, 1),
(2, 1, 3, 1),
(17, 4, 1, 1),
(23, 5, 3, 1),
(24, 6, 1, 1),
(26, 5, 1, 1),
(27, 8, 1, 1),
(28, 7, 1, 1);

-- --------------------------------------------------------

--
-- Table structure for table `ci_sessions`
--

CREATE TABLE `ci_sessions` (
  `id` varchar(128) COLLATE utf8_unicode_ci NOT NULL,
  `ip_address` varchar(45) COLLATE utf8_unicode_ci NOT NULL,
  `timestamp` int(10) UNSIGNED NOT NULL DEFAULT '0',
  `data` blob NOT NULL
) ENGINE=InnoDB DEFAULT CHARSET=utf8 COLLATE=utf8_unicode_ci;

--
-- Dumping data for table `ci_sessions`
--

INSERT INTO `ci_sessions` (`id`, `ip_address`, `timestamp`, `data`) VALUES
('0ftkor402ntn99r1pe203eeg26v0oab1', '::1', 1553594382, 0x5f5f63695f6c6173745f726567656e65726174657c693a313535333539343039323b),
('0r0v5gigbsb5fjd24qippt2fmhgsohhn', '::1', 1553603088, 0x5f5f63695f6c6173745f726567656e65726174657c693a313535333630323834323b),
('0s53jie62hmctj7ecg5ojilmi0o4gqg9', '::1', 1553661452, 0x5f5f63695f6c6173745f726567656e65726174657c693a313535333636313433393b),
('0vu2110umblgmgg19anbk395hhue3f9b', '::1', 1553663411, 0x5f5f63695f6c6173745f726567656e65726174657c693a313535333636333238383b73637c693a31393937383b),
('1095jkqghqd6hl6ten0te2ffah8e657d', '::1', 1553592657, 0x5f5f63695f6c6173745f726567656e65726174657c693a313535333539323632363b),
('11el2ud87tj57k9blgeeoqnm8b7v8fjt', '::1', 1553588369, 0x5f5f63695f6c6173745f726567656e65726174657c693a313535333538383137363b),
('12svh56alr2hmsqjeejql7hfpi1ppjae', '::1', 1553594407, 0x5f5f63695f6c6173745f726567656e65726174657c693a313535333539343131383b676c6f62616c6d73677c733a38323a22416e20656d61696c207761732073656e7420746f20796f7572206163636f756e74207769746820696e737472756374696f6e73206f6e20686f7720746f20726573657420796f75722070617373776f726421223b5f5f63695f766172737c613a313a7b733a393a22676c6f62616c6d7367223b733a333a226e6577223b7d),
('1b702m4k3tu68lhth7bivd5the29heo5', '::1', 1553664076, 0x5f5f63695f6c6173745f726567656e65726174657c693a313535333636343033363b73637c693a36333436313b),
('1qg4rvfehs7fs8vjbk1vh1fr2a8coku7', '::1', 1553599878, 0x5f5f63695f6c6173745f726567656e65726174657c693a313535333539393836333b),
('2lsi9o1u403re199481vo00918kadk49', '::1', 1553590978, 0x5f5f63695f6c6173745f726567656e65726174657c693a313535333539303937383b),
('3shkjrc8blbtglquo9nihiaarbeu02av', '::1', 1553599904, 0x5f5f63695f6c6173745f726567656e65726174657c693a313535333539393630353b),
('3vo4mj5vcuiv420uhiujddduf203akp6', '::1', 1553605664, 0x5f5f63695f6c6173745f726567656e65726174657c693a313535333630353535383b73637c693a32353838343b),
('4dh2obmhfkhnv6j1ei3d7lqnd7s76060', '::1', 1553597874, 0x5f5f63695f6c6173745f726567656e65726174657c693a313535333539373837323b),
('4ek0s2gs15397cftk7d8kanv2gg1enu8', '127.0.0.1', 1553670857, 0x5f5f63695f6c6173745f726567656e65726174657c693a313535333637303835373b),
('4faeartn7oh038g0oa0e096457ee2hq5', '::1', 1553661271, 0x5f5f63695f6c6173745f726567656e65726174657c693a313535333636303934353b),
('4i85bfoarrh3a28oh5bnqkhqmjqi8jvr', '::1', 1553661368, 0x5f5f63695f6c6173745f726567656e65726174657c693a313535333636313331303b),
('5gre1ij90jh2btnjipkaolc66uhf97kt', '127.0.0.1', 1553670124, 0x5f5f63695f6c6173745f726567656e65726174657c693a313535333636393937363b),
('7c0gncsubh4p4na550k3lg8vm77346qc', '::1', 1553604149, 0x5f5f63695f6c6173745f726567656e65726174657c693a313535333630333835383b),
('7n0dt4t0018nobcugr1aevi9dscbccfk', '::1', 1553666069, 0x5f5f63695f6c6173745f726567656e65726174657c693a313535333636353838343b73637c693a36323139383b),
('8e70g3f458m2dam4n2ss396cnboed8um', '::1', 1553584480, 0x5f5f63695f6c6173745f726567656e65726174657c693a313535333538343139393b),
('98agkipqju1qvvvomjcgms4hpc3r1puo', '::1', 1553604395, 0x5f5f63695f6c6173745f726567656e65726174657c693a313535333630343137343b),
('9nsv65usik9jbebuv1jfmms333knl0rl', '::1', 1553594860, 0x5f5f63695f6c6173745f726567656e65726174657c693a313535333539343835333b676c6f62616c6d73677c733a38323a22416e20656d61696c207761732073656e7420746f20796f7572206163636f756e74207769746820696e737472756374696f6e73206f6e20686f7720746f20726573657420796f75722070617373776f726421223b5f5f63695f766172737c613a313a7b733a393a22676c6f62616c6d7367223b733a333a226f6c64223b7d),
('9stjja3ef6hn9a2e14t15968cb0vi2t5', '::1', 1553599482, 0x5f5f63695f6c6173745f726567656e65726174657c693a313535333539393435303b),
('a2tmh583hmop5cmkeuib2d1cfh7s1l8s', '::1', 1553593049, 0x5f5f63695f6c6173745f726567656e65726174657c693a313535333539323734323b),
('b9ud9st9n9ah48d0sbp886kh3nu4qj4n', '::1', 1553665464, 0x5f5f63695f6c6173745f726567656e65726174657c693a313535333636353231313b73637c693a31363032363b),
('bcan9og1vofjp3fe9rm3e36adibdeklv', '::1', 1553669520, 0x5f5f63695f6c6173745f726567656e65726174657c693a313535333636393530333b),
('bjrs745eeoirldbufasiai5ko6k7kosf', '::1', 1553669881, 0x5f5f63695f6c6173745f726567656e65726174657c693a313535333636393838313b),
('bm0iqper2fsnoup2lqa7es30hr30rtk4', '::1', 1553593521, 0x5f5f63695f6c6173745f726567656e65726174657c693a313535333539333531333b),
('c6qsnqhu4ntjun3b7luni6l5ab179qa6', '::1', 1553584111, 0x5f5f63695f6c6173745f726567656e65726174657c693a313535333538333837353b),
('c9eeo0gk8gv3gi1regu43vp4eof81rps', '::1', 1553588947, 0x5f5f63695f6c6173745f726567656e65726174657c693a313535333538383934363b),
('cpt9fkqneqepsh7ge1cnko2010tfg5oc', '::1', 1553676291, 0x5f5f63695f6c6173745f726567656e65726174657c693a313535333637363239313b),
('csrssdeg3uf6gscp9q3ucrsl0sm5s1d2', '::1', 1553600292, 0x5f5f63695f6c6173745f726567656e65726174657c693a313535333630303038363b),
('cuatkbg7tcoit6rp1dfc2s4hk12ank0v', '::1', 1553662122, 0x5f5f63695f6c6173745f726567656e65726174657c693a313535333636323132323b73637c693a32353635333b),
('d2khp2gevpboltm6ddtolus3b64mb4bm', '::1', 1553598794, 0x5f5f63695f6c6173745f726567656e65726174657c693a313535333539383638343b),
('depo24nhirrf5pldrqgibdssrc7u63np', '::1', 1553670275, 0x5f5f63695f6c6173745f726567656e65726174657c693a313535333637303237353b),
('dujoibp29dhnkj0d34lvilbppa8lp416', '::1', 1553684670, 0x5f5f63695f6c6173745f726567656e65726174657c693a313535333638343632373b),
('ejuhj9mtt0923jjjfeqf5122uhksl7qj', '::1', 1553664867, 0x5f5f63695f6c6173745f726567656e65726174657c693a313535333636343536343b73637c693a36333134383b),
('erd6k7drner5bhp9rmgqvv4ps5aoae06', '::1', 1553670898, 0x5f5f63695f6c6173745f726567656e65726174657c693a313535333637303839383b),
('fc7gnacvgft6imlm2h9roh5el4c8lkdq', '::1', 1553582984, 0x5f5f63695f6c6173745f726567656e65726174657c693a313535333538323739353b),
('fm0u4jm3tbhl7iksoq08sbooppig6u4u', '::1', 1553663213, 0x5f5f63695f6c6173745f726567656e65726174657c693a313535333636323931393b73637c693a31323931323b),
('ft0u5rgb03ahv420icgeutnmjn3qq80t', '::1', 1553601371, 0x5f5f63695f6c6173745f726567656e65726174657c693a313535333630313131363b),
('hvar2fiin1aoto5vaviga3ef0sufpo6r', '::1', 1553680108, 0x5f5f63695f6c6173745f726567656e65726174657c693a313535333637393735363b),
('j2p2426v06p6qh05f6trv46h7n5j1889', '::1', 1553595533, 0x5f5f63695f6c6173745f726567656e65726174657c693a313535333539353533333b),
('j6t592cl1hectsqsk7s9mi0gbdevgvoh', '::1', 1553589419, 0x5f5f63695f6c6173745f726567656e65726174657c693a313535333538393330313b),
('ja3fop7pkljnodknltjmrt7gl5v19i62', '::1', 1553604792, 0x5f5f63695f6c6173745f726567656e65726174657c693a313535333630343536343b73637c693a37303231343b),
('k6k2mqe5sc77rru2e6fm8kgjj91r6l6p', '::1', 1553671963, 0x5f5f63695f6c6173745f726567656e65726174657c693a313535333637313936333b),
('k81fsi2n7tls7p439u966rvicq486c0g', '::1', 1553590388, 0x5f5f63695f6c6173745f726567656e65726174657c693a313535333539303135393b),
('loa4atd8osn6mhm6eg3jkbcq4moslhg4', '::1', 1553674652, 0x5f5f63695f6c6173745f726567656e65726174657c693a313535333637343633343b),
('m0n7p1k05aa1p43aq3sr6ot0is6cpkj6', '::1', 1553671458, 0x5f5f63695f6c6173745f726567656e65726174657c693a313535333637313433313b),
('mfn2vhrqvtfqk81vm211ts6jeo8tljkr', '::1', 1553584541, 0x5f5f63695f6c6173745f726567656e65726174657c693a313535333538343530333b),
('mlmb8siq6ee6t9mbtkta3rf8hcpo42ff', '::1', 1553670725, 0x5f5f63695f6c6173745f726567656e65726174657c693a313535333637303535343b),
('nbsv15f5b4sircnb754sqhl8raeqfocr', '::1', 1553600716, 0x5f5f63695f6c6173745f726567656e65726174657c693a313535333630303731343b),
('nnav1pnogj19fuocvqov82is3es2kqca', '::1', 1553591247, 0x5f5f63695f6c6173745f726567656e65726174657c693a313535333539313233343b),
('nrdeq7e2sq7rkmsouku5vv8581ud9e0l', '::1', 1553595200, 0x5f5f63695f6c6173745f726567656e65726174657c693a313535333539343431323b),
('nvgfrccdprbq9uj51c998l9s4hbur9lh', '::1', 1553665174, 0x5f5f63695f6c6173745f726567656e65726174657c693a313535333636343839363b73637c693a37313036313b),
('o6obq3tlpai4071hn7tphb70rhejvcqo', '127.0.0.1', 1553670402, 0x5f5f63695f6c6173745f726567656e65726174657c693a313535333637303239343b),
('od01s93uveca1dvfi3bnu4quj03ca79d', '::1', 1553662184, 0x5f5f63695f6c6173745f726567656e65726174657c693a313535333636323138303b),
('oq633d0741ds4ssuilu98mfctp48k8vf', '::1', 1553589930, 0x5f5f63695f6c6173745f726567656e65726174657c693a313535333538393634373b),
('p3pkbmculob66ikg1cjv6mi5kgjk8q7u', '::1', 1553604998, 0x5f5f63695f6c6173745f726567656e65726174657c693a313535333630343939333b73637c693a34333330323b),
('pdsa5en6qdaqmn09dj8gijd9v0i1k1qe', '::1', 1553605668, 0x5f5f63695f6c6173745f726567656e65726174657c693a313535333630353633393b),
('ph9dn03pqs6jict3qptr28o4l1q7at2l', '::1', 1553591733, 0x5f5f63695f6c6173745f726567656e65726174657c693a313535333539313732333b),
('prtr1dcqnsu01ulcbjtvakfgne7dm70g', '::1', 1553662382, 0x5f5f63695f6c6173745f726567656e65726174657c693a313535333636323132393b73637c693a31383936373b),
('q7j8vb3dc042pe8325n2v6p38jm70goj', '::1', 1553668050, 0x5f5f63695f6c6173745f726567656e65726174657c693a313535333636383035303b),
('qj06q5g9j0p2i1uagvdqp9jtoatakb3q', '::1', 1553593068, 0x5f5f63695f6c6173745f726567656e65726174657c693a313535333539333036343b),
('qp2iu3hrmr75scj0jjsfb7rdtlfknhdg', '::1', 1553594022, 0x5f5f63695f6c6173745f726567656e65726174657c693a313535333539333735323b),
('r6euhcb9se03qe7p94gg5q5bpqjhvmag', '::1', 1553587732, 0x5f5f63695f6c6173745f726567656e65726174657c693a313535333538373634343b),
('r8f7j9k76mvd3h0bcclmehnlj7onekbb', '::1', 1553664021, 0x5f5f63695f6c6173745f726567656e65726174657c693a313535333636333730363b73637c693a32313539303b),
('rfsnr3hlll5vjvloq4amgfte049f0r1q', '::1', 1553604821, 0x5f5f63695f6c6173745f726567656e65726174657c693a313535333630343830303b),
('s9b75n5pufvef7il7sioajfgjtg8l69t', '::1', 1553662034, 0x5f5f63695f6c6173745f726567656e65726174657c693a313535333636313736353b73637c693a31343733343b),
('sifm16iu59nbjbedjeusvpel6dt46hia', '::1', 1553676632, 0x5f5f63695f6c6173745f726567656e65726174657c693a313535333637363631373b),
('snlt2iku33miuka0u0dfond72ritq98k', '::1', 1553583585, 0x5f5f63695f6c6173745f726567656e65726174657c693a313535333538333334343b),
('snlt31eb1vamlhpggdorrjhmetbfadm9', '::1', 1553662787, 0x5f5f63695f6c6173745f726567656e65726174657c693a313535333636323531343b73637c693a35323235323b),
('t4raamom140b5bl401b9eoq996se0e5h', '::1', 1553596118, 0x5f5f63695f6c6173745f726567656e65726174657c693a313535333539353934353b),
('t50vbhui294c61ecu13nohenaseedfp3', '::1', 1553602966, 0x5f5f63695f6c6173745f726567656e65726174657c693a313535333630323936363b),
('td6dkhpnrupj8cliqu539qhv8dpd9vn2', '::1', 1553602905, 0x5f5f63695f6c6173745f726567656e65726174657c693a313535333630323835343b73637c693a39383739313b),
('u0c8bjbsfoldcd9jua3ban4985gr2hoc', '::1', 1553665789, 0x5f5f63695f6c6173745f726567656e65726174657c693a313535333636353632313b73637c693a31303135353b),
('un20k3g99gtib3v3ij7b8hd1tn3tjdl6', '::1', 1553602512, 0x5f5f63695f6c6173745f726567656e65726174657c693a313535333630323531323b),
('vhsfr47jaf50ra3pcq28sgds60beuipv', '::1', 1553591391, 0x5f5f63695f6c6173745f726567656e65726174657c693a313535333539313235363b),
('vk92q1ghsdm90p49v12obl2q0lb43hcs', '::1', 1553666497, 0x5f5f63695f6c6173745f726567656e65726174657c693a313535333636363434363b);

-- --------------------------------------------------------

--
-- Table structure for table `custom_fields`
--

CREATE TABLE `custom_fields` (
  `ID` int(11) NOT NULL,
  `name` varchar(255) NOT NULL,
  `type` int(11) NOT NULL,
  `options` varchar(2000) NOT NULL,
  `required` int(11) NOT NULL,
  `profile` int(11) NOT NULL,
  `edit` int(11) NOT NULL,
  `help_text` varchar(500) NOT NULL,
  `register` int(11) NOT NULL
) ENGINE=InnoDB DEFAULT CHARSET=utf8;

--
-- Dumping data for table `custom_fields`
--

INSERT INTO `custom_fields` (`ID`, `name`, `type`, `options`, `required`, `profile`, `edit`, `help_text`, `register`) VALUES
(1, 'Hobbies', 0, '', 0, 1, 1, 'Tell us what you like doing', 0),
(2, 'Work', 0, '', 0, 1, 1, 'Where do you work?', 0),
(3, 'Mobile Number', 0, '', 0, 0, 0, '', 0);

-- --------------------------------------------------------

--
-- Table structure for table `email_templates`
--

CREATE TABLE `email_templates` (
  `ID` int(11) NOT NULL,
  `title` varchar(500) COLLATE utf8_unicode_ci NOT NULL,
  `message` text COLLATE utf8_unicode_ci NOT NULL,
  `hook` varchar(255) COLLATE utf8_unicode_ci NOT NULL,
  `language` varchar(255) COLLATE utf8_unicode_ci NOT NULL
) ENGINE=InnoDB DEFAULT CHARSET=utf8 COLLATE=utf8_unicode_ci;

--
-- Dumping data for table `email_templates`
--

INSERT INTO `email_templates` (`ID`, `title`, `message`, `hook`, `language`) VALUES
(1, 'Forgot Your Password', '<p>Dear [NAME],<br />\r\n<br />\r\nSomeone (hopefully you) requested a password reset at [SITE_URL].<br />\r\n<br />\r\nTo reset your password, please follow the following link: [EMAIL_LINK]<br />\r\n<br />\r\nIf you did not reset your password, please kindly ignore this email.<br />\r\n<br />\r\nYours,<br />\r\n[SITE_NAME]</p>\r\n', 'forgot_password', 'english'),
(2, 'Email Activation', '<p>Dear [NAME],<br />\r\n<br />\r\nSomeone (hopefully you) has registered an account on [SITE_NAME] using this email address.<br />\r\n<br />\r\nPlease activate the account by following this link: [EMAIL_LINK]<br />\r\n<br />\r\nIf you did not register an account, please kindly ignore this email.<br />\r\n<br />\r\nYours,<br />\r\n[SITE_NAME]</p>\r\n', 'email_activation', 'english');

-- --------------------------------------------------------

--
-- Table structure for table `feed_hashtags`
--

CREATE TABLE `feed_hashtags` (
  `ID` int(11) NOT NULL,
  `hashtag` varchar(70) NOT NULL,
  `count` int(11) NOT NULL
) ENGINE=InnoDB DEFAULT CHARSET=latin1;

--
-- Dumping data for table `feed_hashtags`
--

INSERT INTO `feed_hashtags` (`ID`, `hashtag`, `count`) VALUES
(1, 'pig', 1),
(2, 'hello', 1);

-- --------------------------------------------------------

--
-- Table structure for table `feed_item`
--

CREATE TABLE `feed_item` (
  `ID` int(11) NOT NULL,
  `userid` int(11) NOT NULL,
  `content` text CHARACTER SET utf8 NOT NULL,
  `timestamp` int(11) NOT NULL,
  `imageid` int(11) NOT NULL,
  `videoid` int(11) NOT NULL,
  `audioid` int(11) NOT NULL,
  `likes` int(11) NOT NULL,
  `comments` int(11) NOT NULL,
  `location` varchar(500) NOT NULL,
  `user_flag` int(11) NOT NULL,
  `profile_userid` int(11) NOT NULL,
  `template` varchar(255) NOT NULL,
  `pageid` int(11) NOT NULL,
  `hide_profile` int(11) NOT NULL,
  `post_as` varchar(255) NOT NULL,
  `eventid` int(11) NOT NULL,
  `site_flag` int(11) NOT NULL
) ENGINE=InnoDB DEFAULT CHARSET=latin1;

--
-- Dumping data for table `feed_item`
--

INSERT INTO `feed_item` (`ID`, `userid`, `content`, `timestamp`, `imageid`, `videoid`, `audioid`, `likes`, `comments`, `location`, `user_flag`, `profile_userid`, `template`, `pageid`, `hide_profile`, `post_as`, `eventid`, `site_flag`) VALUES
(5, 1, '', 1550656265, 0, 0, 0, 3, 0, '', 0, 0, 'event', 1, 1, 'page', 1, 0),
(6, 1, 'xcxzc', 1550896870, 0, 0, 0, 0, 0, '', 0, 0, '', 0, 0, '', 0, 0),
(7, 1, 'xcxzc', 1550896917, 0, 0, 0, 0, 0, '', 0, 0, '', 0, 0, '', 0, 0),
(8, 2, 'hi', 1551095885, 0, 0, 0, 0, 0, '', 0, 2, '', 0, 0, '', 0, 0),
(9, 2, ':innocent:', 1551095901, 0, 0, 0, 0, 0, '', 1, 2, '', 0, 0, '', 0, 0),
(10, 2, ':innocent:', 1551095908, 0, 0, 0, 0, 0, '', 1, 2, '', 0, 0, '', 0, 0),
(11, 2, ':innocent: :mask:', 1551095916, 0, 0, 0, 0, 0, '', 1, 2, '', 0, 0, '', 0, 0),
(12, 2, ':innocent: :mask:', 1551095918, 0, 0, 0, 0, 0, '', 1, 2, '', 0, 0, '', 0, 0),
(13, 2, ':innocent: :mask:', 1551095920, 0, 0, 0, 0, 0, '', 1, 2, '', 0, 0, '', 0, 0),
(14, 2, ':innocent: :mask:', 1551095921, 0, 0, 0, 0, 0, '', 1, 2, '', 0, 0, '', 0, 0),
(15, 2, ':innocent: :mask:', 1551095925, 0, 0, 0, 0, 0, '', 1, 2, '', 0, 0, '', 0, 0),
(16, 2, ':innocent: :mask:', 1551095926, 0, 0, 0, 0, 0, '', 1, 2, '', 0, 0, '', 0, 0),
(17, 2, ':innocent: :mask:', 1551095928, 0, 0, 0, 0, 0, '', 1, 2, '', 0, 0, '', 0, 0),
(18, 2, ':innocent: :mask:', 1551095929, 0, 0, 0, 0, 0, '', 1, 2, '', 0, 0, '', 0, 0),
(19, 2, ':innocent: :mask:', 1551095931, 0, 0, 0, 0, 0, '', 1, 2, '', 0, 0, '', 0, 0),
(20, 2, ':innocent: :mask:', 1551095938, 5, 0, 0, 0, 0, '', 1, 2, '', 0, 0, '', 0, 0),
(21, 2, ':innocent: :mask:', 1551095949, 6, 0, 0, 0, 0, '', 1, 2, '', 0, 0, '', 0, 0),
(22, 2, ':innocent: :mask:', 1551095952, 7, 0, 0, 0, 0, '', 1, 2, '', 0, 0, '', 0, 0),
(23, 2, 'hello', 1551095973, 0, 0, 0, 1, 0, '', 0, 2, '', 0, 0, '', 0, 0),
(24, 2, 'event', 1551095984, 8, 0, 0, 1, 0, '', 0, 2, '', 0, 0, '', 0, 0),
(25, 1, 'bell video', 1551096645, 0, 2, 0, 0, 0, '', 0, 0, '', 0, 0, '', 0, 0),
(26, 1, 'checking image', 1551096690, 9, 0, 0, 0, 0, '', 0, 1, '', 0, 0, '', 0, 0),
(27, 1, 'checking test', 1551096787, 0, 3, 0, 1, 0, '', 0, 0, '', 1, 1, 'page', 0, 0),
(28, 1, 'sadsad', 1551096825, 10, 0, 0, 1, 0, '', 0, 0, '', 1, 1, 'page', 0, 0),
(29, 1, 'saadsad', 1551096889, 11, 0, 0, 1, 0, '', 0, 0, '', 1, 1, 'page', 0, 0),
(30, 1, 'my locaton', 1551097287, 0, 0, 0, 1, 0, 'LB Nagar, Hyderabad, Telangana, India', 1, 0, '', 0, 0, '', 0, 0),
(31, 1, 'my locaton', 1551097298, 0, 0, 0, 0, 1, 'LB Nagar, Hyderabad, Telangana, India', 1, 0, '', 0, 0, '', 0, 0),
(32, 1, 'my locaton', 1551097306, 0, 0, 0, 3, 0, 'LB Nagar, Hyderabad, Telangana, India', 1, 0, '', 0, 0, '', 0, 0),
(33, 1, '', 1551243984, 12, 0, 0, 0, 0, '', 0, 0, '', 0, 0, '', 0, 0),
(34, 1, 'testing purpose', 1551245382, 13, 0, 0, 1, 0, '', 0, 1, '', 0, 0, '', 0, 0),
(35, 1, 'testing purpose', 1551245410, 14, 0, 0, 0, 1, '', 0, 1, '', 0, 0, '', 0, 0),
(36, 1, 'uploading video myself', 1551245554, 0, 4, 0, 0, 0, '', 0, 1, '', 0, 0, '', 0, 0),
(37, 1, 'uploading video myself', 1551245603, 0, 5, 0, 0, 0, '', 0, 1, '', 0, 0, '', 0, 0),
(38, 1, 'uploading video myself', 1551245668, 0, 6, 0, 0, 0, '', 0, 1, '', 0, 0, '', 0, 0),
(39, 1, 'dsfdsfdsfdsf', 1551245986, 0, 0, 0, 0, 0, '', 0, 1, '', 0, 0, '', 0, 0),
(40, 1, 'dsfdsf', 1551246046, 0, 0, 0, 0, 0, '', 0, 1, '', 0, 0, '', 0, 0),
(41, 1, 'dsfdf', 1551246230, 0, 0, 0, 0, 0, '', 0, 1, '', 0, 0, '', 0, 0),
(42, 1, 'sadsdsad', 1551246249, 0, 0, 0, 0, 0, '', 0, 1, '', 0, 0, '', 0, 0),
(43, 1, 'sadsadasdasd', 1551246268, 0, 0, 0, 0, 0, '', 0, 1, '', 0, 0, '', 0, 0),
(44, 1, 'asd', 1551246315, 0, 0, 0, 0, 1, '', 0, 1, '', 0, 0, '', 0, 0),
(45, 1, 'checking working functionality', 1551246330, 0, 7, 0, 0, 2, '', 0, 1, '', 0, 0, '', 0, 0),
(46, 1, 'my location', 1551246447, 0, 0, 0, 0, 1, 'LB Nagar, Hyderabad, Telangana, India', 0, 1, '', 0, 0, '', 0, 0),
(47, 1, 'thanks', 1551246555, 0, 0, 0, 0, 0, '', 1, 1, '', 0, 0, '', 0, 0),
(48, 1, ';)', 1551246581, 0, 0, 0, 0, 3, '', 0, 1, '', 0, 0, '', 0, 0),
(49, 1, '8)', 1551247117, 0, 0, 0, 0, 2, '', 0, 1, '', 0, 0, '', 0, 0),
(50, 1, ':crossedeyestongue:', 1551248968, 0, 0, 0, 0, 0, 'lb na', 1, 0, '', 0, 0, '', 0, 0),
(51, 1, '#pig', 1551250270, 0, 0, 0, 1, 0, '', 0, 0, '', 0, 0, '', 0, 0),
(52, 4, 'hi demo friend', 1551250910, 0, 0, 0, 0, 0, '', 0, 2, '', 0, 0, '', 0, 0),
(53, 1, '#hello', 1551251124, 0, 0, 0, 0, 0, '', 0, 0, '', 0, 0, '', 0, 0),
(54, 1, 'hello', 1551260477, 0, 0, 0, 0, 0, '', 0, 0, '', 4, 1, 'page', 0, 0),
(55, 1, 'hi everyone', 1551260485, 0, 0, 0, 0, 0, '', 0, 0, '', 4, 1, 'page', 0, 0),
(56, 1, 'watch video', 1551260503, 0, 8, 0, 0, 1, '', 0, 0, '', 4, 1, 'page', 0, 0),
(57, 1, 'asdsad', 1551260526, 0, 0, 0, 0, 1, '', 0, 0, '', 4, 1, 'page', 0, 0),
(58, 1, 'asdasdasd', 1551260531, 0, 0, 0, 0, 0, '', 0, 0, '', 4, 1, 'user', 0, 0),
(59, 1, 'sad', 1551260598, 0, 0, 0, 0, 0, '', 0, 0, '', 4, 1, 'user', 0, 0),
(60, 1, 'sad', 1551260598, 0, 0, 0, 0, 0, '', 0, 0, '', 4, 1, 'user', 0, 0),
(61, 1, ';)', 1551260620, 0, 0, 0, 0, 2, '', 0, 0, '', 4, 1, 'user', 0, 0),
(62, 1, 'ewr', 1551260626, 0, 0, 0, 0, 0, '', 0, 0, '', 4, 1, 'page', 0, 0),
(63, 1, 'dasdsad', 1551264725, 15, 0, 0, 0, 1, '', 0, 0, '', 4, 1, 'page', 0, 0),
(64, 1, '', 1551264742, 0, 0, 0, 0, 0, '', 0, 0, 'album', 4, 1, 'page', 0, 0),
(65, 1, '', 1551266044, 0, 0, 0, 0, 0, '', 0, 0, 'event', 4, 1, 'page', 2, 0),
(66, 1, '', 1551266061, 0, 0, 0, 0, 2, '', 0, 0, 'event', 4, 1, 'page', 3, 0),
(67, 1, 'checking post', 1551270520, 20, 0, 0, 0, 0, '', 0, 0, '', 5, 1, 'page', 0, 0),
(68, 1, 'good morning', 1551329425, 0, 0, 0, 0, 0, '', 0, 0, '', 0, 0, '', 0, 0),
(69, 1, 'good morning', 1551329434, 0, 0, 0, 1, 2, '', 0, 0, '', 0, 0, '', 0, 0),
(70, 2, 'hello', 1551332179, 0, 0, 0, 0, 1, '', 0, 0, '', 6, 1, 'page', 0, 0),
(71, 1, '', 1551341039, 0, 0, 0, 1, 3, '', 0, 0, 'event', 5, 1, 'page', 4, 0),
(73, 1, 'cccccc', 1551345796, 0, 0, 0, 0, 2, '', 0, 0, '', 0, 0, '', 0, 0),
(74, 1, 'check this', 1551347481, 0, 0, 0, 0, 1, '', 0, 0, '', 3, 1, 'page', 0, 0),
(76, 1, '', 1551349749, 0, 0, 0, 2, 6, '', 0, 0, 'event', 7, 1, 'page', 5, 0),
(77, 2, 'comment check post', 1551423288, 0, 0, 0, 0, 4, '', 0, 0, '', 0, 0, '', 0, 0),
(78, 2, 'jgfyfgh', 1551431833, 0, 0, 0, 0, 5, '', 0, 0, '', 0, 0, '', 0, 0),
(79, 2, 'jgfyfgh', 1551431874, 0, 0, 0, 1, 2, '', 0, 0, '', 0, 0, '', 0, 0),
(80, 1, 'image upload', 1551438945, 23, 0, 0, 1, 1, '', 0, 0, '', 0, 0, '', 0, 0),
(81, 1, 'hello goood morning', 1551502345, 24, 0, 0, 0, 1, '', 0, 0, '', 0, 0, '', 0, 0),
(82, 1, 'good morning', 1551502388, 25, 0, 0, 0, 0, '', 0, 0, '', 0, 0, '', 0, 0),
(83, 1, '', 1551504759, 26, 0, 0, 0, 1, '', 0, 0, '', 0, 0, '', 0, 0),
(84, 1, '', 1551505627, 27, 0, 0, 0, 0, '', 0, 0, '', 7, 1, 'page', 0, 0),
(85, 1, '', 1551505635, 28, 0, 0, 1, 2, '', 0, 0, '', 7, 1, 'page', 0, 0),
(116, 7, 'hi please accept my friend request', 1551778718, 0, 0, 0, 0, 0, '', 0, 3, '', 0, 0, '', 0, 0),
(117, 1, 'sadasd', 1551856152, 0, 0, 0, 0, 0, '', 0, 0, '', 8, 1, 'page', 0, 0),
(118, 1, 'new page', 1551856160, 0, 0, 0, 0, 1, '', 0, 0, '', 8, 1, 'page', 0, 0),
(119, 1, 'rtert', 1551856182, 0, 0, 0, 0, 0, '', 0, 0, '', 8, 1, 'user', 0, 0),
(120, 1, 'hi admin', 1551856797, 0, 0, 0, 1, 8, '', 0, 2, '', 0, 0, '', 0, 0),
(121, 2, 'checking', 1551856915, 0, 0, 0, 0, 0, '', 0, 0, '', 9, 1, 'page', 0, 0),
(122, 1, 'dsdsf', 1552280651, 0, 0, 0, 0, 0, '', 0, 0, '', 0, 0, '', 0, 0),
(123, 1, 'dsdsf', 1552280653, 0, 0, 0, 0, 11, '', 0, 0, '', 0, 0, '', 0, 0),
(124, 1, 'good morning', 1552281208, 0, 0, 0, 1, 1, '', 0, 0, '', 0, 0, '', 0, 0),
(125, 1, 'good morning', 1552281222, 0, 0, 0, 1, 1, '', 0, 0, '', 0, 0, '', 0, 0),
(127, 1, 'hi all', 1552281477, 0, 0, 0, 1, 24, '', 0, 0, '', 0, 0, '', 0, 0),
(128, 1, 'good morning', 1552281553, 38, 0, 0, 0, 10, '', 0, 0, '', 0, 0, '', 0, 0),
(129, 1, 'watch video', 1552293606, 0, 14, 0, 0, 0, '', 0, 0, '', 9, 0, '', 0, 0),
(133, 1, '', 1552295078, 0, 2, 0, 1, 1, '', 0, 0, '', 9, 1, 'page', 0, 0),
(134, 1, '', 1552295422, 0, 3, 0, 0, 0, '', 0, 0, 'album', 9, 1, 'page', 0, 0),
(135, 1, '', 1552310292, 0, 0, 0, 0, 0, '', 0, 0, 'event', 5, 1, 'page', 7, 0),
(136, 1, 'good morning', 1552367862, 0, 0, 0, 1, 0, '', 0, 0, '', 2, 1, 'page', 0, 0),
(138, 2, 'hi', 1552378730, 0, 0, 17, 0, 0, '', 0, 0, '', 0, 0, '', 0, 0),
(139, 2, '', 1552378740, 0, 0, 16, 0, 0, '', 0, 0, '', 0, 0, '', 0, 0),
(140, 1, 'from church page', 1552382336, 0, 1, 18, 0, 0, '', 0, 0, '', 9, 1, '', 0, 0),
(144, 1, '', 1552383550, 0, 0, 19, 0, 0, '', 0, 0, '', 9, 1, '', 0, 0),
(145, 1, '', 1552383558, 0, 0, 20, 0, 0, '', 0, 0, '', 9, 1, '', 0, 0),
(146, 1, '', 1552384506, 45, 0, 21, 0, 0, '', 0, 1, '', 0, 0, '', 0, 0),
(147, 1, '', 1552385110, 0, 0, 0, 0, 0, '', 0, 0, 'event', 9, 1, 'page', 8, 0),
(148, 1, 'church page imagesa', 1552388124, 46, 0, 0, 0, 0, '', 0, 0, '', 2, 1, 'page', 0, 0),
(149, 1, '', 1552392970, 47, 0, 0, 0, 0, '', 0, 0, '', 9, 1, '', 0, 0),
(150, 1, '', 1552392977, 48, 0, 0, 1, 1, '', 0, 0, '', 9, 1, '', 0, 0),
(151, 2, 'my location', 1552958980, 0, 0, 0, 0, 0, 'Ameerpet, Hyderabad, Telangana, India', 0, 0, '', 0, 0, '', 0, 0),
(152, 2, 'good morning', 1553079851, 51, 0, 0, 0, 0, '', 0, 0, '', 0, 0, '', 0, 0),
(153, 2, '', 1553080398, 52, 0, 0, 0, 0, '', 0, 0, '', 0, 0, '', 0, 0),
(154, 2, 'good', 1553080406, 0, 0, 0, 0, 0, '', 0, 0, '', 0, 0, '', 0, 0),
(155, 2, '', 1553080453, 53, 0, 0, 0, 0, '', 0, 0, '', 0, 0, '', 0, 0),
(156, 2, '', 1553080463, 54, 0, 0, 0, 0, '', 0, 0, '', 0, 0, '', 0, 0),
(157, 2, 'good', 1553080494, 57, 0, 0, 1, 0, '', 0, 0, '', 0, 0, '', 0, 0);

-- --------------------------------------------------------

--
-- Table structure for table `feed_item_comments`
--

CREATE TABLE `feed_item_comments` (
  `ID` int(11) NOT NULL,
  `postid` int(11) NOT NULL,
  `userid` int(11) NOT NULL,
  `comment` varchar(3000) NOT NULL,
  `timestamp` int(11) NOT NULL,
  `likes` int(11) NOT NULL,
  `commentid` int(11) NOT NULL,
  `replies` int(11) NOT NULL
) ENGINE=InnoDB DEFAULT CHARSET=latin1;

--
-- Dumping data for table `feed_item_comments`
--

INSERT INTO `feed_item_comments` (`ID`, `postid`, `userid`, `comment`, `timestamp`, `likes`, `commentid`, `replies`) VALUES
(1, 31, 1, 'super', 1551157374, 0, 0, 0),
(5, 0, 2, 'check this', 1551419013, 1, 2, 0),
(6, 71, 2, 'hello', 1551420387, 1, 0, 0),
(8, 73, 2, '@[Admin User](admin)', 1551421362, 0, 0, 0),
(9, 73, 2, '@[thirupathi durgam](thirupathi) is great', 1551421377, 0, 0, 0),
(11, 0, 2, 'good', 1551421572, 0, 10, 0),
(13, 76, 2, '@[check hi](check) good morning', 1551421622, 0, 0, 2),
(14, 0, 2, '@[shobha thiru](shobhathiru) hello', 1551421640, 0, 13, 0),
(15, 45, 2, 'hello', 1551422405, 0, 0, 0),
(16, 45, 2, 'super', 1551422424, 0, 0, 0),
(17, 48, 2, 'check', 1551422557, 0, 0, 0),
(18, 48, 2, 'hello everyone', 1551422564, 0, 0, 2),
(20, 0, 2, 'check', 1551422639, 0, 18, 0),
(21, 44, 2, 'ssadsad', 1551422830, 0, 0, 0),
(23, 49, 2, '@[thirupathi durgam](thirupathi)', 1551423259, 0, 0, 1),
(24, 0, 2, 'ssadasd', 1551423267, 0, 23, 0),
(26, 0, 2, 'replay check', 1551423310, 2, 25, 0),
(27, 0, 2, 'replay check 2', 1551423321, 0, 25, 0),
(28, 0, 2, 'replay check 3', 1551423329, 0, 25, 0),
(30, 70, 2, 'sadsad', 1551426145, 0, 0, 0),
(31, 61, 2, 'hgfg', 1551426460, 1, 0, 0),
(32, 61, 2, 'check', 1551426471, 1, 0, 0),
(33, 35, 2, 'sdf', 1551427278, 0, 0, 0),
(40, 79, 1, 'always check', 1551435462, 0, 0, 1),
(41, 0, 1, 'replay msg', 1551435478, 0, 40, 0),
(42, 0, 1, 'chck replay', 1551436146, 0, 25, 0),
(43, 78, 1, 'checking', 1551436299, 1, 0, 2),
(44, 0, 1, 'server replay check', 1551436327, 0, 43, 0),
(45, 78, 1, 'hello', 1551436449, 0, 0, 0),
(46, 78, 1, 'comment post', 1551436467, 0, 0, 0),
(52, 0, 1, 'sadasd', 1551437573, 0, 51, 0),
(53, 0, 1, 'check', 1551437692, 0, 43, 0),
(54, 66, 1, 'good news', 1551438436, 1, 0, 0),
(55, 66, 1, '@[shobha thiru](shobhathiru) how are yiu', 1551438448, 1, 0, 0),
(56, 46, 1, 'sadsad', 1551438546, 0, 0, 0),
(57, 57, 1, 'checking', 1551438711, 0, 0, 0),
(58, 69, 1, 'hgfh', 1551441276, 0, 0, 0),
(59, 76, 1, 'good morning all', 1551504858, 0, 0, 0),
(60, 85, 1, 'checking', 1551506352, 0, 0, 0),
(61, 115, 1, 'nice song', 1551779239, 1, 0, 0),
(62, 85, 1, 'sad', 1551792443, 1, 0, 0),
(64, 0, 1, 'super', 1552119821, 0, 63, 0),
(65, 0, 1, 'great', 1552119828, 0, 63, 0),
(66, 120, 1, 'hi', 1552129586, 0, 0, 3),
(68, 0, 1, 'nice', 1552129623, 1, 66, 0),
(69, 0, 1, 'good', 1552130239, 0, 66, 0),
(70, 120, 1, 'hello', 1552130254, 0, 0, 1),
(71, 0, 1, 'new', 1552130266, 0, 70, 0),
(72, 120, 1, 'great', 1552130652, 0, 0, 0),
(74, 0, 1, 'sa', 1552284363, 0, 73, 0),
(75, 0, 1, 'asd', 1552284366, 0, 73, 0),
(79, 124, 1, 'sad', 1552285096, 0, 0, 0),
(80, 123, 1, 'asd', 1552285099, 0, 0, 0),
(81, 118, 1, 'sadsad', 1552285103, 0, 0, 0),
(82, 71, 1, 'great', 1552285116, 0, 0, 0),
(83, 63, 1, 'new', 1552285123, 0, 0, 0),
(84, 125, 1, 'ds', 1552285370, 0, 0, 0),
(86, 71, 1, '@[check hi](check) great page', 1552285747, 0, 0, 0),
(87, 83, 1, 'good', 1552289234, 0, 0, 0),
(88, 80, 1, 'nice', 1552289248, 0, 0, 0),
(89, 0, 1, '@[thirupathi durgam](thirupathi1) contact him', 1552289286, 0, 13, 0),
(124, 0, 1, 'new replay', 1552289429, 0, 123, 0),
(129, 127, 1, 'sdf', 1552289616, 0, 0, 0),
(130, 127, 1, 'dsf', 1552289617, 0, 0, 0),
(131, 127, 1, 'ddsf', 1552289618, 0, 0, 0),
(132, 127, 1, 'dsf', 1552289619, 0, 0, 0),
(133, 127, 1, 'super', 1552289633, 0, 0, 0),
(144, 123, 1, 'over', 1552289777, 0, 0, 0),
(145, 123, 1, 'dd', 1552289778, 0, 0, 0),
(146, 123, 1, 'dd', 1552289779, 0, 0, 0),
(147, 123, 1, 'ss', 1552289780, 0, 0, 0),
(148, 123, 1, 'dd', 1552289782, 0, 0, 0),
(149, 123, 1, 'ee', 1552289783, 0, 0, 0),
(150, 123, 1, 'pp', 1552289786, 0, 0, 0),
(151, 123, 1, 'sa', 1552289788, 0, 0, 0),
(152, 123, 1, 'aa', 1552289790, 0, 0, 0),
(153, 123, 1, 'ff', 1552289791, 0, 0, 0),
(155, 128, 1, 'good', 1552290060, 0, 0, 0),
(156, 127, 1, 'sad', 1552290143, 0, 0, 0),
(157, 127, 1, 'asd', 1552290147, 0, 0, 0),
(158, 127, 1, 'sad', 1552290158, 0, 0, 0),
(159, 127, 1, 'asdasd', 1552290165, 0, 0, 0),
(160, 127, 1, 'sadasd', 1552290168, 0, 0, 0),
(161, 127, 1, 'asdasd', 1552290171, 0, 0, 0),
(162, 127, 1, 'asd', 1552290392, 0, 0, 0),
(163, 127, 1, 'sadasd', 1552290393, 0, 0, 0),
(164, 127, 1, 'asdasd', 1552290394, 0, 0, 0),
(165, 127, 1, 'asd', 1552290394, 0, 0, 0),
(166, 127, 1, 'asd', 1552290394, 0, 0, 0),
(167, 127, 1, 'asdas', 1552290395, 0, 0, 0),
(168, 127, 1, 'dss', 1552290396, 0, 0, 0),
(169, 127, 1, 'ss', 1552290397, 0, 0, 0),
(170, 127, 1, 'ss', 1552290398, 0, 0, 0),
(171, 127, 1, 'ss', 1552290399, 0, 0, 0),
(172, 127, 1, 'ss', 1552290401, 0, 0, 0),
(173, 127, 1, 'ss', 1552290402, 0, 0, 0),
(174, 127, 1, 'sadasdasd', 1552290403, 0, 0, 0),
(175, 128, 1, '1', 1552290470, 0, 0, 0),
(176, 128, 1, '2', 1552290472, 0, 0, 0),
(177, 128, 1, '3', 1552290473, 0, 0, 0),
(178, 128, 1, '4', 1552290474, 0, 0, 0),
(183, 128, 1, '9', 1552290481, 0, 0, 0),
(188, 128, 1, '14', 1552290487, 0, 0, 0),
(199, 81, 1, 'sa', 1552305895, 0, 0, 0),
(200, 69, 1, 'sad', 1552305902, 0, 0, 0),
(201, 56, 1, 'sad', 1552305910, 0, 0, 0),
(202, 133, 1, 'good morning', 1552375425, 1, 0, 0),
(204, 0, 1, 'very good morning', 1552564615, 0, 203, 0);

-- --------------------------------------------------------

--
-- Table structure for table `feed_item_comment_likes`
--

CREATE TABLE `feed_item_comment_likes` (
  `ID` int(11) NOT NULL,
  `commentid` int(11) NOT NULL,
  `userid` int(11) NOT NULL,
  `timestamp` int(11) NOT NULL
) ENGINE=InnoDB DEFAULT CHARSET=latin1;

--
-- Dumping data for table `feed_item_comment_likes`
--

INSERT INTO `feed_item_comment_likes` (`ID`, `commentid`, `userid`, `timestamp`) VALUES
(3, 5, 2, 1551420182),
(4, 4, 2, 1551420183),
(5, 2, 2, 1551421560),
(6, 7, 2, 1551421562),
(7, 19, 2, 1551422642),
(8, 26, 2, 1551423313),
(10, 31, 2, 1551426476),
(11, 32, 2, 1551426478),
(15, 25, 2, 1551431526),
(17, 25, 1, 1551436082),
(18, 26, 1, 1551436167),
(24, 50, 1, 1551437210),
(26, 51, 1, 1551437537),
(27, 6, 1, 1551437629),
(28, 43, 1, 1551437680),
(29, 55, 1, 1551438457),
(30, 61, 1, 1551779243),
(35, 62, 1, 1552120074),
(46, 63, 1, 1552129571),
(50, 67, 1, 1552130149),
(51, 68, 1, 1552130200),
(52, 54, 1, 1552284123),
(53, 123, 1, 1552289419),
(54, 202, 1, 1552375429),
(55, 203, 1, 1552564602);

-- --------------------------------------------------------

--
-- Table structure for table `feed_item_images`
--

CREATE TABLE `feed_item_images` (
  `ID` int(11) NOT NULL,
  `postid` int(11) NOT NULL,
  `imageid` int(11) NOT NULL
) ENGINE=InnoDB DEFAULT CHARSET=latin1;

--
-- Dumping data for table `feed_item_images`
--

INSERT INTO `feed_item_images` (`ID`, `postid`, `imageid`) VALUES
(1, 64, 0),
(2, 64, 16),
(3, 64, 17),
(4, 64, 18),
(5, 64, 19),
(6, 134, 0),
(7, 134, 41),
(8, 134, 42),
(9, 134, 43);

-- --------------------------------------------------------

--
-- Table structure for table `feed_item_subscribers`
--

CREATE TABLE `feed_item_subscribers` (
  `ID` int(11) NOT NULL,
  `postid` int(11) NOT NULL,
  `userid` int(11) NOT NULL
) ENGINE=InnoDB DEFAULT CHARSET=latin1;

--
-- Dumping data for table `feed_item_subscribers`
--

INSERT INTO `feed_item_subscribers` (`ID`, `postid`, `userid`) VALUES
(1, 1, 1),
(2, 2, 1),
(3, 3, 1),
(4, 4, 1),
(5, 6, 1),
(6, 7, 1),
(7, 8, 2),
(8, 9, 2),
(9, 9, 3),
(10, 10, 2),
(11, 10, 3),
(12, 11, 2),
(13, 11, 3),
(14, 12, 2),
(15, 12, 3),
(16, 13, 2),
(17, 13, 3),
(18, 14, 2),
(19, 14, 3),
(20, 15, 2),
(21, 15, 3),
(22, 16, 2),
(23, 16, 3),
(24, 17, 2),
(25, 17, 3),
(26, 18, 2),
(27, 18, 3),
(28, 19, 2),
(29, 19, 3),
(30, 20, 2),
(31, 20, 3),
(32, 21, 2),
(33, 21, 3),
(34, 22, 2),
(35, 22, 3),
(36, 23, 2),
(37, 24, 2),
(38, 25, 1),
(39, 26, 1),
(40, 27, 1),
(41, 28, 1),
(42, 30, 1),
(43, 30, 2),
(44, 31, 1),
(45, 31, 2),
(46, 32, 1),
(47, 32, 2),
(48, 34, 1),
(49, 35, 1),
(50, 36, 1),
(51, 37, 1),
(52, 38, 1),
(53, 39, 1),
(54, 40, 1),
(55, 41, 1),
(56, 42, 1),
(57, 43, 1),
(58, 44, 1),
(59, 45, 1),
(60, 46, 1),
(61, 47, 1),
(62, 47, 2),
(63, 48, 1),
(64, 49, 1),
(65, 50, 1),
(66, 50, 2),
(67, 51, 1),
(68, 52, 2),
(69, 53, 1),
(70, 54, 1),
(71, 55, 1),
(72, 56, 1),
(73, 57, 1),
(74, 58, 1),
(75, 59, 1),
(76, 60, 1),
(77, 61, 1),
(78, 62, 1),
(79, 67, 1),
(80, 68, 1),
(81, 69, 1),
(82, 70, 2),
(83, 72, 1),
(84, 73, 1),
(85, 74, 1),
(86, 76, 2),
(87, 71, 2),
(88, 73, 2),
(89, 45, 2),
(90, 48, 2),
(91, 44, 2),
(92, 34, 2),
(93, 49, 2),
(94, 77, 2),
(95, 61, 2),
(96, 35, 2),
(97, 78, 2),
(98, 79, 2),
(99, 79, 1),
(100, 78, 1),
(101, 77, 1),
(102, 66, 1),
(103, 80, 1),
(104, 81, 1),
(105, 82, 1),
(106, 76, 1),
(107, 85, 1),
(108, 87, 1),
(109, 88, 1),
(110, 89, 1),
(111, 90, 1),
(112, 91, 1),
(113, 92, 1),
(114, 93, 1),
(115, 94, 1),
(116, 95, 1),
(117, 96, 1),
(118, 97, 1),
(119, 98, 1),
(120, 99, 1),
(121, 100, 1),
(122, 101, 1),
(123, 102, 1),
(124, 103, 1),
(125, 104, 1),
(126, 105, 1),
(127, 106, 1),
(128, 107, 1),
(129, 108, 1),
(130, 109, 1),
(131, 110, 1),
(132, 111, 1),
(133, 112, 1),
(134, 113, 1),
(135, 114, 1),
(136, 115, 1),
(137, 116, 3),
(138, 117, 1),
(139, 118, 1),
(140, 119, 1),
(141, 120, 2),
(142, 121, 2),
(143, 120, 1),
(144, 122, 1),
(145, 123, 1),
(146, 124, 1),
(147, 125, 1),
(148, 126, 1),
(149, 127, 1),
(150, 128, 1),
(151, 71, 1),
(152, 63, 1),
(153, 83, 1),
(154, 129, 1),
(155, 130, 1),
(156, 131, 1),
(157, 136, 1),
(158, 133, 1),
(159, 138, 2),
(160, 139, 2),
(161, 140, 1),
(162, 141, 1),
(163, 142, 1),
(164, 143, 1),
(165, 144, 1),
(166, 145, 1),
(167, 146, 1),
(168, 148, 1),
(169, 149, 1),
(170, 150, 1),
(171, 151, 1),
(172, 152, 1),
(173, 153, 1),
(174, 154, 1),
(175, 151, 2),
(176, 152, 2),
(177, 153, 2),
(178, 154, 2),
(179, 155, 2),
(180, 156, 2),
(181, 157, 2),
(182, 158, 1);

-- --------------------------------------------------------

--
-- Table structure for table `feed_item_urls`
--

CREATE TABLE `feed_item_urls` (
  `ID` int(11) NOT NULL,
  `postid` int(11) NOT NULL,
  `title` varchar(255) NOT NULL,
  `description` varchar(255) NOT NULL,
  `image` varchar(500) NOT NULL,
  `url` varchar(1000) NOT NULL
) ENGINE=InnoDB DEFAULT CHARSET=latin1;

-- --------------------------------------------------------

--
-- Table structure for table `feed_item_users`
--

CREATE TABLE `feed_item_users` (
  `ID` int(11) NOT NULL,
  `postid` int(11) NOT NULL,
  `userid` int(11) NOT NULL
) ENGINE=InnoDB DEFAULT CHARSET=latin1;

--
-- Dumping data for table `feed_item_users`
--

INSERT INTO `feed_item_users` (`ID`, `postid`, `userid`) VALUES
(1, 9, 3),
(2, 10, 3),
(3, 11, 3),
(4, 12, 3),
(5, 13, 3),
(6, 14, 3),
(7, 15, 3),
(8, 16, 3),
(9, 17, 3),
(10, 18, 3),
(11, 19, 3),
(12, 20, 3),
(13, 21, 3),
(14, 22, 3),
(15, 30, 2),
(16, 31, 2),
(17, 32, 2),
(18, 47, 2),
(19, 50, 2);

-- --------------------------------------------------------

--
-- Table structure for table `feed_likes`
--

CREATE TABLE `feed_likes` (
  `ID` int(11) NOT NULL,
  `postid` int(11) NOT NULL,
  `userid` int(11) NOT NULL,
  `timestamp` int(11) NOT NULL
) ENGINE=InnoDB DEFAULT CHARSET=latin1;

--
-- Dumping data for table `feed_likes`
--

INSERT INTO `feed_likes` (`ID`, `postid`, `userid`, `timestamp`) VALUES
(22, 32, 1, 1551163341),
(23, 29, 1, 1551163474),
(24, 28, 1, 1551163478),
(25, 27, 1, 1551163491),
(30, 5, 1, 1551163523),
(31, 23, 1, 1551166407),
(33, 51, 1, 1551250281),
(38, 71, 2, 1551419340),
(39, 76, 2, 1551419406),
(42, 69, 2, 1551420425),
(52, 79, 1, 1551438305),
(54, 80, 1, 1551441068),
(55, 76, 1, 1551504849),
(57, 86, 1, 1551766190),
(60, 115, 1, 1551779231),
(64, 85, 1, 1551792438),
(66, 126, 1, 1552281338),
(70, 34, 1, 1552283919),
(73, 120, 1, 1552285309),
(76, 125, 1, 1552285364),
(77, 124, 1, 1552285380),
(80, 127, 1, 1552285724),
(82, 133, 1, 1552375431),
(83, 136, 2, 1552375873),
(84, 150, 1, 1552564622),
(85, 157, 2, 1553081854);

-- --------------------------------------------------------

--
-- Table structure for table `feed_tagged_users`
--

CREATE TABLE `feed_tagged_users` (
  `ID` int(11) NOT NULL,
  `postid` int(11) NOT NULL,
  `userid` int(11) NOT NULL
) ENGINE=InnoDB DEFAULT CHARSET=latin1;

-- --------------------------------------------------------

--
-- Table structure for table `home_stats`
--

CREATE TABLE `home_stats` (
  `ID` int(11) NOT NULL,
  `google_members` int(11) NOT NULL DEFAULT '0',
  `facebook_members` int(11) NOT NULL DEFAULT '0',
  `twitter_members` int(11) NOT NULL DEFAULT '0',
  `total_members` int(11) NOT NULL DEFAULT '0',
  `new_members` int(11) NOT NULL DEFAULT '0',
  `active_today` int(11) NOT NULL DEFAULT '0',
  `timestamp` int(11) NOT NULL DEFAULT '0'
) ENGINE=InnoDB DEFAULT CHARSET=utf8;

--
-- Dumping data for table `home_stats`
--

INSERT INTO `home_stats` (`ID`, `google_members`, `facebook_members`, `twitter_members`, `total_members`, `new_members`, `active_today`, `timestamp`) VALUES
(1, 0, 0, 0, 1, 1, 1, 1499160358);

-- --------------------------------------------------------

--
-- Table structure for table `instamojo_payment`
--

CREATE TABLE `instamojo_payment` (
  `id` int(10) UNSIGNED NOT NULL,
  `phone` varchar(25) DEFAULT NULL,
  `email` varchar(255) DEFAULT NULL,
  `buyer_name` varchar(255) DEFAULT NULL,
  `amount` decimal(16,2) NOT NULL,
  `purpose` text,
  `expires_at` varchar(255) DEFAULT NULL,
  `status` varchar(255) DEFAULT NULL,
  `send_sms` varchar(5) NOT NULL DEFAULT 'false',
  `send_email` varchar(5) NOT NULL DEFAULT 'false',
  `sms_status` varchar(255) DEFAULT NULL,
  `email_status` varchar(255) DEFAULT NULL,
  `shorturl` mediumtext,
  `longurl` mediumtext,
  `redirect_url` mediumtext,
  `webhook` mediumtext,
  `allow_repeated_payments` varchar(5) NOT NULL DEFAULT 'false',
  `customer_id` varchar(255) DEFAULT NULL,
  `created_at` varchar(255) DEFAULT NULL,
  `modified_at` varchar(255) DEFAULT NULL
) ENGINE=InnoDB DEFAULT CHARSET=utf8;

--
-- Dumping data for table `instamojo_payment`
--

INSERT INTO `instamojo_payment` (`id`, `phone`, `email`, `buyer_name`, `amount`, `purpose`, `expires_at`, `status`, `send_sms`, `send_email`, `sms_status`, `email_status`, `shorturl`, `longurl`, `redirect_url`, `webhook`, `allow_repeated_payments`, `customer_id`, `created_at`, `modified_at`) VALUES
(1, '+919291642620', 'thirupathi.013@gmail.com', 'thirupathi', '2999.00', 'Purchase of Church Subscription', NULL, 'Pending', '1', '1', 'Pending', 'Pending', NULL, 'https://test.instamojo.com/@thirupathi_013/c11b5bbcb1144a44bf36601fa447f61d', 'http://localhost/socialnetwork/payment/status', NULL, '0', NULL, '2019-03-19T06:58:06.543751Z', '2019-03-19T06:58:06.543773Z'),
(2, '+919291642620', 'thirupathi.013@gmail.com', 'thirupathi', '2999.00', 'Purchase of Church Subscription', NULL, 'Pending', '1', '1', 'Pending', 'Pending', NULL, 'https://test.instamojo.com/@thirupathi_013/91a122e27e2c43bbaff3528d2996fb44', 'http://localhost/socialnetwork/payment/status', NULL, '0', NULL, '2019-03-19T07:10:18.591727Z', '2019-03-19T07:10:18.591750Z'),
(3, '+919291642620', 'thirupathi.013@gmail.com', 'thirupathi', '2999.00', 'Purchase of Church Subscription', NULL, 'Pending', '1', '1', 'Pending', 'Pending', NULL, 'https://test.instamojo.com/@thirupathi_013/125d23ccc0504cad920d6695cb0f5a35', 'http://localhost/socialnetwork/payment/status', NULL, '0', NULL, '2019-03-19T07:13:32.916058Z', '2019-03-19T07:13:32.916080Z'),
(4, '+919291642620', 'thirupathi.013@gmail.com', 'thirupathi', '4999.00', 'Purchase of Church Subscription', NULL, 'Pending', '1', '1', 'Pending', 'Pending', NULL, 'https://test.instamojo.com/@thirupathi_013/4153e13ecb214fadb0468b81b39ff6a9', 'http://localhost/socialnetwork/payment/status', NULL, '0', NULL, '2019-03-19T09:00:13.765778Z', '2019-03-19T09:00:13.765800Z'),
(5, '+919291642620', 'thirupathi.013@gmail.com', 'thirupathi', '3140.55', 'Purchase of Church Subscription', NULL, 'Pending', '1', '1', 'Pending', 'Pending', NULL, 'https://test.instamojo.com/@thirupathi_013/62c61609c6264103881c3de532314ca2', 'http://localhost/socialnetwork/payment/status', NULL, '0', NULL, '2019-03-19T09:12:47.082170Z', '2019-03-19T09:12:47.082192Z'),
(6, '+919291642620', 'thirupathi.013@gmail.com', 'thirupathi', '3140.55', 'Purchase of Church Subscription', NULL, 'Pending', '1', '1', 'Pending', 'Pending', NULL, 'https://test.instamojo.com/@thirupathi_013/d5ff3ccdb4e04e19bec32330b42cc8e8', 'http://localhost/socialnetwork/payment/status', NULL, '0', NULL, '2019-03-19T10:26:41.431416Z', '2019-03-19T10:26:41.431438Z'),
(7, '+919291642620', 'thirupathi.013@gmail.com', 'thirupathi', '3140.55', 'Purchase of Church Subscription', NULL, 'Pending', '1', '1', 'Pending', 'Pending', NULL, 'https://test.instamojo.com/@thirupathi_013/795b5159ee524086a86b547b518279dc', 'http://localhost/socialnetwork/payment/status', NULL, '0', NULL, '2019-03-19T12:37:04.470756Z', '2019-03-19T12:37:04.470772Z'),
(8, '+919291642620', 'thirupathi.013@gmail.com', 'thirupathi', '3140.55', 'Purchase of Church Subscription', NULL, 'Pending', '0', '0', NULL, NULL, NULL, 'https://test.instamojo.com/@thirupathi_013/5b91358da5f74ddfa82d0c47cbab2422', 'http://localhost/socialnetwork/payment/status', NULL, '0', NULL, '2019-03-20T09:23:32.021189Z', '2019-03-20T09:23:32.021205Z'),
(9, '+919291642620', 'thirupathi.013@gmail.com', 'thirupathi', '8376.55', 'Purchase of Church Subscription', NULL, 'Pending', '0', '0', NULL, NULL, NULL, 'https://test.instamojo.com/@thirupathi_013/60aec60c39c44ab59981a23f9bbe0b0c', 'http://localhost/socialnetwork/payment/status', NULL, '0', NULL, '2019-03-20T10:12:11.859052Z', '2019-03-20T10:12:11.859074Z'),
(10, '+919291642620', 'thirupathi.013@gmail.com', 'thirupathi', '3140.55', 'Purchase of Church Subscription', NULL, 'Pending', '0', '0', NULL, NULL, NULL, 'https://test.instamojo.com/@thirupathi_013/59a02f9d6f8a47e6b00b67aaec965e14', 'http://localhost/socialnetwork/payment/status', NULL, '0', NULL, '2019-03-23T09:14:13.792561Z', '2019-03-23T09:14:13.792582Z');

-- --------------------------------------------------------

--
-- Table structure for table `ipn_log`
--

CREATE TABLE `ipn_log` (
  `ID` int(11) NOT NULL,
  `data` text,
  `timestamp` int(11) NOT NULL DEFAULT '0',
  `IP` varchar(500) NOT NULL DEFAULT ''
) ENGINE=InnoDB DEFAULT CHARSET=utf8;

-- --------------------------------------------------------

--
-- Table structure for table `ip_block`
--

CREATE TABLE `ip_block` (
  `ID` int(11) NOT NULL,
  `IP` varchar(500) NOT NULL DEFAULT '',
  `timestamp` int(11) NOT NULL DEFAULT '0',
  `reason` varchar(1000) NOT NULL DEFAULT ''
) ENGINE=InnoDB DEFAULT CHARSET=utf8;

-- --------------------------------------------------------

--
-- Table structure for table `live_chat`
--

CREATE TABLE `live_chat` (
  `ID` int(11) NOT NULL,
  `userid` int(11) NOT NULL,
  `timestamp` int(11) NOT NULL,
  `title` varchar(500) COLLATE utf8_unicode_ci NOT NULL,
  `last_reply_userid` int(11) NOT NULL,
  `last_replyid` int(11) NOT NULL,
  `last_reply_timestamp` int(11) NOT NULL,
  `posts` int(11) NOT NULL
) ENGINE=InnoDB DEFAULT CHARSET=utf8 COLLATE=utf8_unicode_ci;

--
-- Dumping data for table `live_chat`
--

INSERT INTO `live_chat` (`ID`, `userid`, `timestamp`, `title`, `last_reply_userid`, `last_replyid`, `last_reply_timestamp`, `posts`) VALUES
(1, 2, 1551096144, '', 2, 9, 1551509268, 3),
(6, 2, 1551510362, '', 1, 31, 1551511100, 10),
(7, 2, 1551511027, '', 2, 30, 1551511090, 3);

-- --------------------------------------------------------

--
-- Table structure for table `live_chat_messages`
--

CREATE TABLE `live_chat_messages` (
  `ID` int(11) NOT NULL,
  `chatid` int(11) NOT NULL,
  `userid` int(11) NOT NULL,
  `message` text COLLATE utf8_unicode_ci NOT NULL,
  `timestamp` int(11) NOT NULL
) ENGINE=InnoDB DEFAULT CHARSET=utf8 COLLATE=utf8_unicode_ci;

--
-- Dumping data for table `live_chat_messages`
--

INSERT INTO `live_chat_messages` (`ID`, `chatid`, `userid`, `message`, `timestamp`) VALUES
(1, 1, 2, 'hello', 1551096144),
(2, 2, 2, 'hi admin', 1551096166),
(3, 1, 2, 'great', 1551096177),
(4, 2, 1, 'smile', 1551097395),
(5, 2, 1, 'hgf', 1551350893),
(6, 2, 1, '<i><strong>has left the conversation</strong></i>', 1551508920),
(7, 3, 1, 'aSSSADASDASDSAD', 1551509056),
(8, 3, 1, '<i><strong>has left the conversation</strong></i>', 1551509231),
(9, 1, 2, '<i><strong>has left the conversation</strong></i>', 1551509268),
(11, 4, 2, 'hello admin', 1551509394),
(12, 4, 2, 'asdsa', 1551509546),
(13, 5, 1, 'sadasd', 1551509650),
(14, 5, 2, 'replay message', 1551509689),
(15, 5, 2, 'from inbox', 1551509723),
(16, 5, 1, 'send  from inbox', 1551509742),
(17, 5, 1, '<i><strong>has left the conversation</strong></i>', 1551509830),
(18, 4, 1, '<i><strong>has left the conversation</strong></i>', 1551509833),
(19, 6, 2, 'hello', 1551510362),
(20, 6, 1, 'great', 1551510375),
(21, 6, 1, 'cheppu', 1551510410),
(22, 6, 2, 'sadasdasd', 1551510423),
(23, 6, 2, 'sadsad', 1551510593),
(24, 6, 1, 'asd', 1551510726),
(25, 6, 1, 'ssad', 1551510899),
(26, 6, 1, 'sdfsdf', 1551511003),
(27, 7, 2, 'asasd', 1551511027),
(28, 6, 2, 'asdas', 1551511041),
(29, 7, 2, 'sadasd', 1551511046),
(30, 7, 2, 'sadasd', 1551511090),
(31, 6, 1, 'checking', 1551511100);

-- --------------------------------------------------------

--
-- Table structure for table `live_chat_users`
--

CREATE TABLE `live_chat_users` (
  `ID` int(11) NOT NULL,
  `chatid` int(11) NOT NULL,
  `userid` int(11) NOT NULL,
  `active` int(11) NOT NULL,
  `unread` int(11) NOT NULL,
  `title` varchar(255) COLLATE utf8_unicode_ci NOT NULL
) ENGINE=InnoDB DEFAULT CHARSET=utf8 COLLATE=utf8_unicode_ci;

--
-- Dumping data for table `live_chat_users`
--

INSERT INTO `live_chat_users` (`ID`, `chatid`, `userid`, `active`, `unread`, `title`) VALUES
(2, 1, 3, 0, 1, 'Chat with <strong>thirupathi</strong>'),
(11, 6, 2, 1, 0, 'Chat with <strong>admin</strong>'),
(12, 6, 1, 1, 0, 'Chat with <strong>thirupathi</strong>'),
(13, 7, 2, 1, 0, 'Chat with <strong>shobhathiru</strong>'),
(14, 7, 3, 0, 1, 'Chat with <strong>thirupathi</strong>');

-- --------------------------------------------------------

--
-- Table structure for table `login_attempts`
--

CREATE TABLE `login_attempts` (
  `ID` int(11) NOT NULL,
  `IP` varchar(500) NOT NULL DEFAULT '',
  `username` varchar(500) NOT NULL DEFAULT '',
  `count` int(11) NOT NULL DEFAULT '0',
  `timestamp` int(11) NOT NULL DEFAULT '0'
) ENGINE=InnoDB DEFAULT CHARSET=utf8;

--
-- Dumping data for table `login_attempts`
--

INSERT INTO `login_attempts` (`ID`, `IP`, `username`, `count`, `timestamp`) VALUES
(1, '::1', 'thirupathi.013@gmail.com', 1, 1550655076),
(2, '::1', 'shobhathiru6@gmail.com', 1, 1550655801),
(3, '::1', 'test@gmail.com', 2, 1551335086),
(4, '::1', 'testdemo@gmail.com', 1, 1551335105),
(5, '::1', 'thirupathi.013@gmail.com', 1, 1552940735),
(6, '::1', 'thirupathi.013@gmail.com', 1, 1552988258),
(7, '::1', 'admin@admin.com', 1, 1553666043),
(8, '::1', '9291642622', 1, 1553666455);

-- --------------------------------------------------------

--
-- Table structure for table `pages`
--

CREATE TABLE `pages` (
  `ID` int(11) NOT NULL,
  `name` varchar(255) NOT NULL,
  `slug` varchar(255) NOT NULL,
  `type` int(11) NOT NULL,
  `categoryid` int(11) NOT NULL,
  `timestamp` int(11) NOT NULL,
  `pageviews` int(11) NOT NULL,
  `likes` int(11) NOT NULL,
  `profile_header` varchar(500) NOT NULL,
  `profile_avatar` varchar(500) NOT NULL,
  `description` varchar(1000) NOT NULL,
  `posting_status` int(11) NOT NULL,
  `location` varchar(500) NOT NULL,
  `email` varchar(500) NOT NULL,
  `phone` varchar(500) NOT NULL,
  `website` varchar(500) NOT NULL,
  `nonmembers_view` int(11) NOT NULL,
  `members` int(11) NOT NULL
) ENGINE=InnoDB DEFAULT CHARSET=latin1;

--
-- Dumping data for table `pages`
--

INSERT INTO `pages` (`ID`, `name`, `slug`, `type`, `categoryid`, `timestamp`, `pageviews`, `likes`, `profile_header`, `profile_avatar`, `description`, `posting_status`, `location`, `email`, `phone`, `website`, `nonmembers_view`, `members`) VALUES
(1, 'dsdsf', '', 0, 2, 1550654273, 34, 0, 'bdb9b35705371489ea83daa3f3f4ed72.jpg', 'default-church.png', 'dsfdsf', 2, '', '', '', '', 0, 3),
(2, 'hjhgf', '', 0, 4, 1551251846, 71, 0, '071ebb75cd50c6eec441f3644d06dd1d.jpg', '58b6da33bd2e26e24c12bdfc1fa3e63d.jpg', 'gfhgfhgfhg', 0, '', '', '', '', 0, 3),
(3, 'sadasd', '', 0, 2, 1551251857, 8, 0, 'default_header.png', 'default-church.png', 'sadsadsadsads', 0, '', '', '', '', 0, 2),
(4, 'page name', '', 0, 3, 1551251866, 99, 0, 'default_header.png', 'default-church.png', 'page introduction', 0, 'LB Nagar, Hyderabad, Telangana, India', 'email@gmail.com', '999999999', 'page.com', 0, 1),
(5, 'st josephs1', '', 0, 2, 1551269433, 55, 0, '331c239d609ddd65ee4162b9c0daefc5.jpg', '3b21faf1f0ed8a7994fd604b499fcc07.png', 'Methodism, also known as the Methodist movement, is a group of historically related denominations of Protestant Christianity which derive their inspiration from the life and teachings of John Wesley. George Whitefield and John&#039;s brother Charles Wesley were also significant early leaders in the movement.1', 2, 'LB Nagar, Hyderabad, Telangana, India', 'church1@gmail.com', '99999856451', 'church1.com', 0, 3),
(6, 'hgfhg', '', 0, 2, 1551329759, 11, 0, 'default_header.png', 'default-church.png', 'dfsfsdf', 2, '', '', '', '', 0, 1),
(7, 'invite check', '', 0, 2, 1551336385, 38, 0, 'default_header.png', 'default-church.png', 'jhasgdjhads', 0, '', '', '', '', 0, 3),
(8, 'dsf', '', 0, 4, 1551855983, 14, 0, '59aba654d3b0ceeed7e8c079b6ef33f2.jpg', 'default-church.png', '', 0, '', '', '', '', 0, 1),
(9, 'sad', '', 0, 4, 1551856822, 56, 0, '207fbf45897435f21283fda15e5c1ee9.jpg', '8d03bc8ec9e3e4f2edc890e858cce696.jpg', '', 0, '', '', '', '', 0, 1),
(10, 'new church pge', '', 0, 4, 1552558110, 6, 0, 'default_header.png', 'default-church.png', '', 0, '', '', '', '', 0, 1);

-- --------------------------------------------------------

--
-- Table structure for table `page_categories`
--

CREATE TABLE `page_categories` (
  `ID` int(11) NOT NULL,
  `name` varchar(255) NOT NULL,
  `description` text NOT NULL
) ENGINE=InnoDB DEFAULT CHARSET=latin1;

--
-- Dumping data for table `page_categories`
--

INSERT INTO `page_categories` (`ID`, `name`, `description`) VALUES
(4, 'Catholic Church', ''),
(5, 'Protestantism', ''),
(6, 'Eastern Orthodox Church', ''),
(7, 'Oriental Orthodoxy', ''),
(8, 'Non-trinitarian Restorationism', ''),
(9, 'Independent Catholicism', ''),
(10, 'Minor branches', '');

-- --------------------------------------------------------

--
-- Table structure for table `page_invites`
--

CREATE TABLE `page_invites` (
  `ID` int(11) NOT NULL,
  `pageid` int(11) NOT NULL,
  `userid` int(11) NOT NULL,
  `timestamp` int(11) NOT NULL,
  `fromid` int(11) NOT NULL
) ENGINE=InnoDB DEFAULT CHARSET=latin1;

--
-- Dumping data for table `page_invites`
--

INSERT INTO `page_invites` (`ID`, `pageid`, `userid`, `timestamp`, `fromid`) VALUES
(3, 1, 3, 1551347908, 1),
(4, 7, 2, 1551505250, 1);

-- --------------------------------------------------------

--
-- Table structure for table `page_users`
--

CREATE TABLE `page_users` (
  `ID` int(11) NOT NULL,
  `pageid` int(11) NOT NULL,
  `userid` int(11) NOT NULL,
  `roleid` int(11) NOT NULL
) ENGINE=InnoDB DEFAULT CHARSET=latin1;

--
-- Dumping data for table `page_users`
--

INSERT INTO `page_users` (`ID`, `pageid`, `userid`, `roleid`) VALUES
(1, 1, 1, 1),
(2, 1, 3, 0),
(3, 1, 2, 0),
(4, 2, 1, 1),
(5, 3, 1, 1),
(6, 4, 1, 1),
(8, 6, 2, 1),
(9, 5, 2, 0),
(10, 5, 3, 0),
(12, 7, 2, 0),
(14, 5, 1, 0),
(18, 7, 3, 0),
(19, 7, 1, 0),
(20, 8, 1, 1),
(21, 9, 2, 1),
(22, 3, 2, 0),
(23, 2, 2, 0),
(24, 2, 3, 0),
(25, 10, 1, 1);

-- --------------------------------------------------------

--
-- Table structure for table `password_reset`
--

CREATE TABLE `password_reset` (
  `ID` int(11) NOT NULL,
  `userid` int(11) NOT NULL DEFAULT '0',
  `token` varchar(255) NOT NULL DEFAULT '',
  `timestamp` int(11) NOT NULL DEFAULT '0',
  `IP` varchar(500) NOT NULL DEFAULT ''
) ENGINE=InnoDB DEFAULT CHARSET=utf8;

--
-- Dumping data for table `password_reset`
--

INSERT INTO `password_reset` (`ID`, `userid`, `token`, `timestamp`, `IP`) VALUES
(1, 2, '399d2d131c1d178dafef7e47080b33b599666990', 1550655925, '::1'),
(2, 2, '035fc80152bf40741dad70f103447d7f0066cdd0', 1553083545, '::1'),
(3, 2, '1e17a0790a15a07a9819be3e5949054afc1a458c', 1553594137, '::1'),
(4, 2, '9b56d20ef797ed3f4f78b7260fe6e8bab5c4973b', 1553594327, '::1'),
(5, 2, '289bc98be046c240ff1648238c3c547568473463', 1553594399, '::1');

-- --------------------------------------------------------

--
-- Table structure for table `payment_logs`
--

CREATE TABLE `payment_logs` (
  `ID` int(11) NOT NULL,
  `userid` int(11) NOT NULL DEFAULT '0',
  `amount` decimal(10,2) NOT NULL DEFAULT '0.00',
  `timestamp` int(11) NOT NULL DEFAULT '0',
  `email` varchar(500) NOT NULL DEFAULT '',
  `processor` varchar(255) NOT NULL,
  `hash` varchar(500) NOT NULL,
  `payment_id` varchar(255) NOT NULL,
  `payment_status` varchar(255) NOT NULL,
  `payment_request_id` varchar(255) NOT NULL
) ENGINE=InnoDB DEFAULT CHARSET=utf8;

--
-- Dumping data for table `payment_logs`
--

INSERT INTO `payment_logs` (`ID`, `userid`, `amount`, `timestamp`, `email`, `processor`, `hash`, `payment_id`, `payment_status`, `payment_request_id`) VALUES
(1, 2, '2999.00', 1552976186, '', '', '', '', '', ''),
(2, 2, '2999.00', 1552978707, 'thirupathi.013@gmail.com', '', '', '', '', ''),
(3, 2, '3140.55', 1552986788, 'thirupathi.013@gmail.com', '', '', '', '', ''),
(4, 2, '3140.55', 1552991226, 'thirupathi.013@gmail.com', '', '', '', '', ''),
(5, 2, '3140.55', 1552999047, 'thirupathi.013@gmail.com', '', '', 'MOJO9319O05A37918148', 'Credit', '795b5159ee524086a86b547b518279dc'),
(6, 2, '3140.55', 1553073832, 'thirupathi.013@gmail.com', '', '', 'MOJO9320R05A26767878', 'Credit', '5b91358da5f74ddfa82d0c47cbab2422'),
(7, 2, '8376.55', 1553076753, 'thirupathi.013@gmail.com', '', '', 'MOJO9320705A26767928', 'Credit', '60aec60c39c44ab59981a23f9bbe0b0c'),
(8, 2, '3140.55', 1553332481, 'thirupathi.013@gmail.com', '', '', 'MOJO9323Q05A05725753', 'Credit', '59a02f9d6f8a47e6b00b67aaec965e14'),
(14, 2, '5999.00', 1553589971, 'thirupathi.013@gmail.com', '', '', '', '', '');

-- --------------------------------------------------------

--
-- Table structure for table `payment_plans`
--

CREATE TABLE `payment_plans` (
  `ID` int(11) NOT NULL,
  `name` varchar(255) NOT NULL DEFAULT '',
  `hexcolor` varchar(6) NOT NULL DEFAULT '',
  `fontcolor` varchar(6) NOT NULL DEFAULT '',
  `cost` int(11) NOT NULL,
  `days` int(11) NOT NULL DEFAULT '0',
  `sales` int(11) NOT NULL DEFAULT '0',
  `description` varchar(255) NOT NULL DEFAULT '',
  `icon` varchar(255) NOT NULL,
  `bgcolor` varchar(512) NOT NULL
) ENGINE=InnoDB DEFAULT CHARSET=utf8;

--
-- Dumping data for table `payment_plans`
--

INSERT INTO `payment_plans` (`ID`, `name`, `hexcolor`, `fontcolor`, `cost`, `days`, `sales`, `description`, `icon`, `bgcolor`) VALUES
(2, 'BRONZE', 'FFFFFF', 'FFFFFF', 2999, 1, 9, 'This is the basic plan which gives you a introduction to our Premium Plans', 'fa fa-adjust', ''),
(3, 'SILVER', 'green', 'FFFFFF', 4999, 2, 1, 'Get all the benefits of basic at a cheaper price and gain content for longer.', 'fa fa-briefcase', 'green'),
(4, 'GOLD', 'blue', 'FFFFFF', 5999, 3, 2, 'Become a premium member for life and have access to all our premium content.', 'fa fa-cube', 'blue'),
(5, 'DIAMOND', 'red', '', 7999, 5, 2, '', 'fa fa-diamond', 'diamond');

-- --------------------------------------------------------

--
-- Table structure for table `profile_comments`
--

CREATE TABLE `profile_comments` (
  `ID` int(11) NOT NULL,
  `profileid` int(11) NOT NULL,
  `userid` int(11) NOT NULL,
  `comment` text COLLATE utf8_unicode_ci NOT NULL,
  `timestamp` int(11) NOT NULL
) ENGINE=InnoDB DEFAULT CHARSET=utf8 COLLATE=utf8_unicode_ci;

-- --------------------------------------------------------

--
-- Table structure for table `relationship_requests`
--

CREATE TABLE `relationship_requests` (
  `ID` int(11) NOT NULL,
  `userid` int(11) NOT NULL,
  `friendid` int(11) NOT NULL,
  `status` int(11) NOT NULL,
  `relationship_status` int(11) NOT NULL
) ENGINE=InnoDB DEFAULT CHARSET=latin1;

-- --------------------------------------------------------

--
-- Table structure for table `reports`
--

CREATE TABLE `reports` (
  `ID` int(11) NOT NULL,
  `userid` int(11) NOT NULL,
  `pageid` int(11) NOT NULL,
  `reason` text NOT NULL,
  `timestamp` int(11) NOT NULL,
  `fromid` int(11) NOT NULL
) ENGINE=InnoDB DEFAULT CHARSET=latin1;

--
-- Dumping data for table `reports`
--

INSERT INTO `reports` (`ID`, `userid`, `pageid`, `reason`, `timestamp`, `fromid`) VALUES
(1, 5, 0, 'sdssad', 1551348672, 1);

-- --------------------------------------------------------

--
-- Table structure for table `reset_log`
--

CREATE TABLE `reset_log` (
  `ID` int(11) NOT NULL,
  `IP` varchar(500) NOT NULL DEFAULT '',
  `timestamp` int(11) NOT NULL DEFAULT '0'
) ENGINE=InnoDB DEFAULT CHARSET=utf8;

--
-- Dumping data for table `reset_log`
--

INSERT INTO `reset_log` (`ID`, `IP`, `timestamp`) VALUES
(1, '::1', 1550655925),
(2, '::1', 1553083545),
(3, '::1', 1553594124),
(4, '::1', 1553594256),
(5, '::1', 1553594320),
(6, '::1', 1553594394);

-- --------------------------------------------------------

--
-- Table structure for table `site_layouts`
--

CREATE TABLE `site_layouts` (
  `ID` int(11) NOT NULL,
  `name` varchar(255) COLLATE utf8_unicode_ci NOT NULL,
  `layout_path` varchar(500) COLLATE utf8_unicode_ci NOT NULL
) ENGINE=InnoDB DEFAULT CHARSET=utf8 COLLATE=utf8_unicode_ci;

--
-- Dumping data for table `site_layouts`
--

INSERT INTO `site_layouts` (`ID`, `name`, `layout_path`) VALUES
(1, 'Basic', 'layout/themes/layout.php'),
(2, 'Titan', 'layout/themes/titan_layout.php'),
(3, 'Dark Fire', 'layout/themes/dark_fire_layout.php'),
(4, 'Light Blue', 'layout/themes/light_blue_layout.php');

-- --------------------------------------------------------

--
-- Table structure for table `site_settings`
--

CREATE TABLE `site_settings` (
  `ID` int(11) NOT NULL,
  `site_name` varchar(500) NOT NULL,
  `site_desc` varchar(500) NOT NULL,
  `upload_path` varchar(500) NOT NULL,
  `upload_path_relative` varchar(500) NOT NULL,
  `site_email` varchar(500) NOT NULL,
  `site_logo` varchar(1000) NOT NULL DEFAULT 'logo.png',
  `register` int(11) NOT NULL,
  `disable_captcha` int(11) NOT NULL,
  `date_format` varchar(25) NOT NULL,
  `avatar_upload` int(11) NOT NULL DEFAULT '1',
  `file_types` varchar(500) NOT NULL,
  `twitter_consumer_key` varchar(255) NOT NULL,
  `twitter_consumer_secret` varchar(255) NOT NULL,
  `disable_social_login` int(11) NOT NULL,
  `facebook_app_id` varchar(255) NOT NULL,
  `facebook_app_secret` varchar(255) NOT NULL,
  `google_client_id` varchar(255) NOT NULL,
  `google_client_secret` varchar(255) NOT NULL,
  `file_size` int(11) NOT NULL,
  `paypal_email` varchar(1000) NOT NULL,
  `paypal_currency` varchar(100) NOT NULL DEFAULT 'USD',
  `payment_enabled` int(11) NOT NULL,
  `payment_symbol` varchar(5) NOT NULL DEFAULT '$',
  `global_premium` int(11) NOT NULL,
  `install` int(11) NOT NULL DEFAULT '1',
  `login_protect` int(11) NOT NULL,
  `activate_account` int(11) NOT NULL,
  `default_user_role` int(11) NOT NULL,
  `secure_login` int(11) NOT NULL,
  `stripe_secret_key` varchar(1000) NOT NULL,
  `stripe_publish_key` varchar(1000) NOT NULL,
  `google_recaptcha` int(11) NOT NULL,
  `google_recaptcha_secret` varchar(255) NOT NULL,
  `google_recaptcha_key` varchar(255) NOT NULL,
  `logo_option` int(11) NOT NULL,
  `layout` varchar(500) NOT NULL,
  `profile_comments` int(11) NOT NULL,
  `avatar_width` int(11) NOT NULL,
  `avatar_height` int(11) NOT NULL,
  `cache_time` int(11) NOT NULL,
  `checkout2_secret` varchar(255) NOT NULL,
  `checkout2_accountno` varchar(255) NOT NULL,
  `user_display_type` int(11) NOT NULL,
  `page_slugs` int(11) NOT NULL,
  `calendar_picker_format` varchar(255) NOT NULL,
  `disable_chat` int(11) NOT NULL,
  `user_approval` int(11) NOT NULL
) ENGINE=InnoDB DEFAULT CHARSET=utf8;

--
-- Dumping data for table `site_settings`
--

INSERT INTO `site_settings` (`ID`, `site_name`, `site_desc`, `upload_path`, `upload_path_relative`, `site_email`, `site_logo`, `register`, `disable_captcha`, `date_format`, `avatar_upload`, `file_types`, `twitter_consumer_key`, `twitter_consumer_secret`, `disable_social_login`, `facebook_app_id`, `facebook_app_secret`, `google_client_id`, `google_client_secret`, `file_size`, `paypal_email`, `paypal_currency`, `payment_enabled`, `payment_symbol`, `global_premium`, `install`, `login_protect`, `activate_account`, `default_user_role`, `secure_login`, `stripe_secret_key`, `stripe_publish_key`, `google_recaptcha`, `google_recaptcha_secret`, `google_recaptcha_key`, `logo_option`, `layout`, `profile_comments`, `avatar_width`, `avatar_height`, `cache_time`, `checkout2_secret`, `checkout2_accountno`, `user_display_type`, `page_slugs`, `calendar_picker_format`, `disable_chat`, `user_approval`) VALUES
(1, 'Way 2 Jesus', 'Welcome to Way2Jesus', 'F:\\xampp\\htdocs\\socialnetwork\\uploads', 'uploads', 'admin@admin.com', 'a8323b05965bc2b5f7881aec1608e49c.png', 0, 1, 'd/m/Y', 1, 'gif|png|jpg|jpeg', '', '', 0, '', '', '', '', 2147483647, 'thirupathi.013@gmail.com', 'USD', 1, '$', 1, 0, 1, 0, 7, 1, '', '', 0, '', '', 1, 'layout/themes/titan_layout.php', 1, 2000, 2000, 3600, '', '', 0, 1, 'Y/m/d H:i', 0, 0);

-- --------------------------------------------------------

--
-- Table structure for table `users`
--

CREATE TABLE `users` (
  `ID` int(11) NOT NULL,
  `email` varchar(255) NOT NULL DEFAULT '',
  `mobile` varchar(50) NOT NULL,
  `password` varchar(100) NOT NULL DEFAULT '',
  `token` varchar(255) NOT NULL DEFAULT '',
  `IP` varchar(500) NOT NULL DEFAULT '',
  `username` varchar(25) NOT NULL DEFAULT '',
  `first_name` varchar(25) NOT NULL DEFAULT '',
  `last_name` varchar(25) NOT NULL DEFAULT '',
  `avatar` varchar(1000) NOT NULL DEFAULT 'default.png',
  `joined` int(11) NOT NULL DEFAULT '0',
  `joined_date` varchar(10) NOT NULL DEFAULT '',
  `online_timestamp` int(11) NOT NULL DEFAULT '0',
  `oauth_provider` varchar(40) NOT NULL DEFAULT '',
  `oauth_id` varchar(1000) NOT NULL DEFAULT '',
  `oauth_token` varchar(1500) NOT NULL DEFAULT '',
  `oauth_secret` varchar(500) NOT NULL DEFAULT '',
  `email_notification` int(11) NOT NULL DEFAULT '1',
  `aboutme` varchar(1000) NOT NULL DEFAULT '',
  `points` decimal(10,2) NOT NULL DEFAULT '0.00',
  `premium_time` bigint(20) NOT NULL DEFAULT '0',
  `user_role` int(11) NOT NULL DEFAULT '0',
  `premium_planid` int(11) NOT NULL DEFAULT '0',
  `active` int(11) NOT NULL DEFAULT '1',
  `activate_code` varchar(255) NOT NULL DEFAULT '',
  `profile_comments` int(11) NOT NULL DEFAULT '1',
  `profile_views` int(11) NOT NULL,
  `address_1` varchar(255) NOT NULL,
  `address_2` varchar(255) NOT NULL,
  `city` varchar(255) NOT NULL,
  `state` varchar(255) NOT NULL,
  `zipcode` varchar(255) NOT NULL,
  `country` varchar(255) NOT NULL,
  `noti_count` int(11) NOT NULL,
  `profile_header` varchar(500) NOT NULL DEFAULT 'default_header.png',
  `location_from` varchar(500) NOT NULL,
  `location_live` varchar(500) NOT NULL,
  `friends` text NOT NULL,
  `pages` text NOT NULL,
  `profile_view` int(11) NOT NULL,
  `posts_view` int(11) NOT NULL,
  `post_profile` int(11) NOT NULL,
  `allow_friends` int(11) NOT NULL,
  `allow_pages` int(11) NOT NULL,
  `chat_option` int(11) NOT NULL,
  `relationship_status` int(11) NOT NULL,
  `relationship_userid` int(11) NOT NULL,
  `tag_user` int(11) NOT NULL,
  `post_count` int(11) NOT NULL,
  `admin_permission` int(11) NOT NULL
) ENGINE=InnoDB DEFAULT CHARSET=utf8;

--
-- Dumping data for table `users`
--

INSERT INTO `users` (`ID`, `email`, `mobile`, `password`, `token`, `IP`, `username`, `first_name`, `last_name`, `avatar`, `joined`, `joined_date`, `online_timestamp`, `oauth_provider`, `oauth_id`, `oauth_token`, `oauth_secret`, `email_notification`, `aboutme`, `points`, `premium_time`, `user_role`, `premium_planid`, `active`, `activate_code`, `profile_comments`, `profile_views`, `address_1`, `address_2`, `city`, `state`, `zipcode`, `country`, `noti_count`, `profile_header`, `location_from`, `location_live`, `friends`, `pages`, `profile_view`, `posts_view`, `post_profile`, `allow_friends`, `allow_pages`, `chat_option`, `relationship_status`, `relationship_userid`, `tag_user`, `post_count`, `admin_permission`) VALUES
(1, 'admin@admin.com', '', '$2a$12$eh9g4AQ2nssX9rk/gcwuO.f7ojCERiS/o2sSuyGeBh/S6X3Qqha06', '5489f7a2d7a8a02e17adda63de98fd54', '::1', 'admin', 'Admin', 'User', '77230b2625010cd85dc95dc6f5df0e34.png', 1550653954, '2-2019', 1553684613, '', '', '', '', 1, 'You asked, Font Awesome delivers with 41 shiny new icons in version 4.7. Want to request new icons? Here&#039;s how. Need vectors or want to use on the desktop? Check the cheatsheet.', '0.00', -1, 1, 0, 1, '', 1, 438, '5-68/1', 'mothuguda', 'asifabad', 'telangana', '504293', 'india', 0, 'default_header.png', 'Mothuguda, Telangana, India', 'LB Nagar, Hyderabad, Telangana, India', 'a:1:{i:0;s:1:\"2\";}', 'a:8:{i:0;i:1;i:1;i:2;i:2;i:3;i:3;i:4;i:4;i:5;i:5;i:7;i:6;i:8;i:7;i:10;}', 0, 0, 0, 0, 0, 0, 3, 3, 0, 20, 1),
(2, 'thirupathi.013@gmail.com', '9291642620', '$2a$12$M2TZKl6B04dNfypiwQXQTu66JPaHAzJOlUiStasonZtS.madLbYXa', '2ffba9b0bae307899513b5454f4fb660', '::1', 'thirupathi', 'thirupathi', 'durgam', 'b98cc87556b56dcd7279593d7ca7a27f.jpg', 1550655107, '2-2019', 1553684640, '', '', '', '', 1, 'pastor at methodist church', '100.00', 1648249200, 5, 4, 1, '', 1, 213, '', '', '', '', '', '', 0, '1db7690f8ef3f08c9ec1e51077e21a52.jpg', '', '', 'a:3:{i:0;s:1:\"1\";i:1;s:1:\"3\";i:2;s:1:\"3\";}', 'a:7:{i:0;i:1;i:1;i:6;i:2;i:5;i:3;i:7;i:4;i:9;i:5;i:3;i:6;i:2;}', 0, 0, 0, 0, 0, 0, 0, 0, 0, 12, 1),
(3, 'shobhathiru6@gmail.com', '', '$2a$12$wW/0WUYbxzwBODZX6lJh0OlMK2oj/o8hKhDAd8/KPo6wsDGSdMg92', 'e929e6905ca1b4aa31dfc2af109f473d', '::1', 'shobhathiru', 'shobha', 'thiru', 'default.png', 1550655675, '2-2019', 1553671887, '', '', '', '', 1, 'pastor at methodist church', '0.00', 0, 7, 0, 1, '8e72405694845e687b1c53e5d218aa64', 1, 88, '', '', '', '', '', '', 23, 'default_header.png', '', '', 'a:2:{i:0;s:1:\"2\";i:1;s:1:\"2\";}', 'a:4:{i:0;i:1;i:1;i:5;i:2;i:7;i:3;i:2;}', 0, 0, 0, 0, 0, 0, 3, 1, 0, 0, 0),
(5, 'check@gmail.com', '', '$2a$12$U255KyLOEEp337RtrF21OuU7C0fVtMiibenc/KbkZTJdFeEh0kUly', '98f65dff08724e114c68006bd85d1b05', '::1', 'check', 'check', 'hi', 'default.png', 1551335149, '2-2019', 1552381717, '', '', '', '', 1, 'pastor at methodist church', '0.00', 0, 5, 0, 1, '18cf202191109be6e94767378c55416e', 1, 12, '', '', '', '', '', '', 2, 'default_header.png', '', '', '', '', 0, 0, 0, 0, 0, 0, 0, 0, 0, 8, 0),
(6, 'jsdhjh@gmail.com', '', '$2a$12$m4MekOJTYEkhOz.zM50hdOXA5kd48IOsb5AvxqGAjB7S9gJcaJRku', '53b08f43d5f9fb29db1205fd88bec377', '::1', 'thirupathi1', 'thirupathi', 'durgam', 'default.png', 1551520544, '3-2019', 1551520554, '', '', '', '', 1, 'pastor at methodist church', '0.00', 0, 7, 0, 1, '', 1, 0, '', '', '', '', '', '', 0, 'default_header.png', '', '', 'a:3:{i:0;s:1:\"1\";i:1;s:1:\"3\";i:2;s:1:\"3\";}a:3:{i:0;s:1:\"1\";i:1;s:1:\"3\";i:2;s:1:\"3\";}', '', 0, 0, 0, 0, 0, 0, 0, 0, 0, 0, 0),
(7, 'test@gmail.cot', '', '$2a$12$h2q4r91BrjRsGy1yZPiGiuqbGi.qV2GkNzekejvEFadYP4kLcxy5S', '5d34cc955c0b50f6683ddfabc0acf56f', '127.0.0.1', 'test123', 'test', 'hgh', 'default.png', 1551765386, '3-2019', 1551765395, '', '', '', '', 1, 'pastor at methodist church', '0.00', 0, 5, 0, 1, '', 1, 261, '', '', '', '', '', '', 2, 'default_header.png', '', '', 'a:3:{i:0;s:1:\"1\";i:1;s:1:\"3\";i:2;s:1:\"3\";}', '', 0, 0, 0, 0, 0, 0, 0, 0, 0, 9, 0),
(8, 'test1@gmail.com', '', '$2a$12$UiUuKUkndibuH2.P8b4dN.pTd1WWyD.iHGvtgPF5NuwDAG6/EKKuq', '47a391278b1afccac99318d91bebe21e', '127.0.0.1', 'test1', 'test1', 'dsf', 'default.png', 1551765425, '3-2019', 1551765434, '', '', '', '', 1, 'pastor at methodist church', '0.00', 0, 5, 0, 1, '', 1, 0, '', '', '', '', '', '', 0, 'default_header.png', '', '', '', '', 0, 0, 0, 0, 0, 0, 0, 0, 0, 0, 0),
(9, 'thirupathi.014@gmail.com', '9291642621', '$2a$12$QuQSxJx8ZS9m32KRI8bdkuuALIP7EMPUeqVsHvJK2o0frFG/4x./i', 'd7186a29767b326282ec56b3e5ca7f4c', '::1', 'shobha123', 'shobha', 'thiru', 'default.png', 1553665430, '3-2019', 1553666443, '', '', '', '', 1, '', '0.00', 0, 7, 0, 1, '', 1, 1, '', '', '', '', '', '', 0, 'default_header.png', '', '', '', '', 0, 0, 0, 0, 0, 0, 0, 0, 0, 0, 0);

-- --------------------------------------------------------

--
-- Table structure for table `user_albums`
--

CREATE TABLE `user_albums` (
  `ID` int(11) NOT NULL,
  `userid` int(11) NOT NULL,
  `name` varchar(255) NOT NULL,
  `description` text NOT NULL,
  `timestamp` int(11) NOT NULL,
  `feed_album` int(11) NOT NULL,
  `images` int(11) NOT NULL,
  `pageid` int(11) NOT NULL
) ENGINE=InnoDB DEFAULT CHARSET=latin1;

--
-- Dumping data for table `user_albums`
--

INSERT INTO `user_albums` (`ID`, `userid`, `name`, `description`, `timestamp`, `feed_album`, `images`, `pageid`) VALUES
(1, 2, 'Feed Album', 'Images you posted on your feed.', 1551092902, 1, 11, 0),
(2, 0, 'Feed Album', 'Images posted on the page\'s feed.', 1550654357, 1, 5, 1),
(3, 1, 'Feed Album', 'Images you posted on your feed.', 1551096690, 1, 16, 0),
(4, 1, 'testing album', 'testing desc', 1551243779, 0, 1, 0),
(5, 0, 'est', '', 1551264682, 0, 4, 4),
(6, 0, 'sadasdasd', '', 1551264793, 0, 1, 4),
(7, 0, 'sadsadsad', '', 1551264799, 0, 0, 4),
(8, 0, 'Feed Album', 'Images posted on the page\'s feed.', 1551270519, 1, 1, 5),
(9, 0, 'adsa', '', 1551347470, 0, 2, 3),
(10, 0, 'new album', '', 1551505554, 0, 2, 7),
(11, 0, 'asd', '', 1551862508, 0, 7, 9),
(12, 0, 'Feed Album', 'Images posted on the page\'s feed.', 1552388123, 1, 1, 2);

-- --------------------------------------------------------

--
-- Table structure for table `user_audios`
--

CREATE TABLE `user_audios` (
  `ID` int(11) NOT NULL,
  `file_name` varchar(500) NOT NULL,
  `file_type` varchar(255) NOT NULL,
  `userid` int(11) NOT NULL,
  `extension` varchar(50) NOT NULL,
  `file_size` int(11) NOT NULL,
  `timestamp` int(11) NOT NULL
) ENGINE=InnoDB DEFAULT CHARSET=latin1;

--
-- Dumping data for table `user_audios`
--

INSERT INTO `user_audios` (`ID`, `file_name`, `file_type`, `userid`, `extension`, `file_size`, `timestamp`) VALUES
(1, 'f5429d5739555f5b8b814013e744ab56.mp3', 'audio/mpeg', 1, '.mp3', 257, 1551768220),
(2, 'b5ae6174eca8f6e28dd1a0d84d029a98.mp3', 'audio/mpeg', 1, '.mp3', 257, 1551768276),
(3, '85a97188182fe094f74b8824d5daed90.mp3', 'audio/mpeg', 1, '.mp3', 257, 1551768325),
(4, 'e377385d0d929c9685484978efeb1fbb.mp3', 'audio/mpeg', 1, '.mp3', 257, 1551768449),
(5, 'fa7b4c0c6d98cd215e1428235ab3e45e.mp3', 'audio/mpeg', 1, '.mp3', 257, 1551768602),
(6, '0fa34e7ed686c3cb8b72c6df7a76add2.mp3', 'audio/mpeg', 1, '.mp3', 257, 1551768622),
(7, '93937d856cb1d70b890d028d5914b704.mp3', 'audio/mpeg', 1, '.mp3', 257, 1551769826),
(8, 'af17f738d2ae42f9fea2e1f7e78bcd33.mp3', 'audio/mpeg', 1, '.mp3', 279, 1551770094),
(9, '381925664a23bad290ca7022167ba11a.mp3', 'audio/mpeg', 1, '.mp3', 257, 1551770952),
(10, 'b3c7ed91ae7a6445b6dc7503b06d7c15.mp3', 'audio/mpeg', 1, '.mp3', 257, 1551771674),
(11, 'ac10bb0fc3985f7342f011483162e78c.mp3', 'audio/mpeg', 1, '.mp3', 279, 1551772038),
(12, 'de3ae891e3f3b90c3702a63f6d2b193a.mp3', 'audio/mpeg', 1, '.mp3', 257, 1551772061),
(13, 'cd8a876363af4a3e8d47d8414208811c.mp3', 'audio/mpeg', 1, '.mp3', 491, 1551772079),
(14, '8348be3e0effc32403e1baf550cd0434.mp3', 'audio/mpeg', 1, '.mp3', 257, 1551772151),
(15, 'f53dc668476fa9b3352892bb88de14f0.mp3', 'audio/mpeg', 2, '.mp3', 257, 1552378730),
(16, '414e5827a62f6666cbe9242c8e9da1a8.mp3', 'audio/mpeg', 2, '.mp3', 279, 1552378740),
(17, 'b9c36f6ad555d16a099feb8cbcfc2a2f.mp3', 'audio/mpeg', 1, '.mp3', 257, 1552381960),
(18, '766765a0b12599a13a643e7734d00918.mp3', 'audio/mpeg', 1, '.mp3', 257, 1552382335),
(19, '027db35985c5755d282e1170c57cf90a.mp3', 'audio/mpeg', 1, '.mp3', 257, 1552383550),
(20, 'b271942b3b904faf6f1780b198caf036.mp3', 'audio/mpeg', 1, '.mp3', 279, 1552383558),
(21, 'b864a1f27ef71cbe7c84585d5d199782.mp3', 'audio/mpeg', 1, '.mp3', 257, 1552384506),
(22, '70db9a34281a63ee2e0995c4e94100d4.mp3', 'audio/mpeg', 1, '.mp3', 257, 1553251653);

-- --------------------------------------------------------

--
-- Table structure for table `user_custom_fields`
--

CREATE TABLE `user_custom_fields` (
  `ID` int(11) NOT NULL,
  `userid` int(11) NOT NULL,
  `fieldid` int(11) NOT NULL,
  `value` text NOT NULL
) ENGINE=InnoDB DEFAULT CHARSET=utf8;

--
-- Dumping data for table `user_custom_fields`
--

INSERT INTO `user_custom_fields` (`ID`, `userid`, `fieldid`, `value`) VALUES
(1, 2, 1, ''),
(2, 2, 2, ''),
(3, 3, 1, ''),
(4, 3, 2, ''),
(5, 1, 1, 'playing chess'),
(6, 1, 2, 'ameerpet'),
(7, 1, 3, '9291642620'),
(8, 2, 3, '9000962569');

-- --------------------------------------------------------

--
-- Table structure for table `user_data`
--

CREATE TABLE `user_data` (
  `ID` int(11) NOT NULL,
  `userid` int(11) NOT NULL,
  `twitter` varchar(500) COLLATE utf8_unicode_ci NOT NULL,
  `facebook` varchar(500) COLLATE utf8_unicode_ci NOT NULL,
  `google` varchar(500) COLLATE utf8_unicode_ci NOT NULL,
  `linkedin` varchar(500) COLLATE utf8_unicode_ci NOT NULL,
  `website` varchar(500) COLLATE utf8_unicode_ci NOT NULL
) ENGINE=InnoDB DEFAULT CHARSET=utf8 COLLATE=utf8_unicode_ci;

--
-- Dumping data for table `user_data`
--

INSERT INTO `user_data` (`ID`, `userid`, `twitter`, `facebook`, `google`, `linkedin`, `website`) VALUES
(1, 1, '#', '#', '#', '#', '#');

-- --------------------------------------------------------

--
-- Table structure for table `user_events`
--

CREATE TABLE `user_events` (
  `ID` int(11) NOT NULL,
  `IP` varchar(255) NOT NULL DEFAULT '',
  `event` varchar(255) NOT NULL DEFAULT '',
  `timestamp` int(11) NOT NULL DEFAULT '0'
) ENGINE=InnoDB DEFAULT CHARSET=utf8;

--
-- Dumping data for table `user_events`
--

INSERT INTO `user_events` (`ID`, `IP`, `event`, `timestamp`) VALUES
(1, '::1', 'email_activation_request', 1551080007),
(2, '::1', 'email_activation_request', 1550655814);

-- --------------------------------------------------------

--
-- Table structure for table `user_friends`
--

CREATE TABLE `user_friends` (
  `ID` int(11) NOT NULL,
  `userid` int(11) NOT NULL,
  `friendid` int(11) NOT NULL,
  `timestamp` int(11) NOT NULL
) ENGINE=InnoDB DEFAULT CHARSET=latin1;

--
-- Dumping data for table `user_friends`
--

INSERT INTO `user_friends` (`ID`, `userid`, `friendid`, `timestamp`) VALUES
(1, 1, 2, 1551092135),
(2, 2, 1, 1551092138),
(5, 3, 2, 1551096133),
(6, 2, 3, 1551096133),
(9, 2, 3, 1551333195),
(10, 3, 2, 1551333195);

-- --------------------------------------------------------

--
-- Table structure for table `user_friend_requests`
--

CREATE TABLE `user_friend_requests` (
  `ID` int(11) NOT NULL,
  `userid` int(11) NOT NULL,
  `friendid` int(11) NOT NULL,
  `timestamp` int(11) NOT NULL
) ENGINE=InnoDB DEFAULT CHARSET=latin1;

--
-- Dumping data for table `user_friend_requests`
--

INSERT INTO `user_friend_requests` (`ID`, `userid`, `friendid`, `timestamp`) VALUES
(2, 2, 4, 1551096113),
(5, 1, 4, 1551335015),
(6, 5, 1, 1551335356),
(7, 1, 7, 1551778217),
(8, 3, 7, 1551778725);

-- --------------------------------------------------------

--
-- Table structure for table `user_groups`
--

CREATE TABLE `user_groups` (
  `ID` int(11) NOT NULL,
  `name` varchar(40) NOT NULL DEFAULT '',
  `default` int(11) NOT NULL DEFAULT '0'
) ENGINE=InnoDB DEFAULT CHARSET=utf8;

--
-- Dumping data for table `user_groups`
--

INSERT INTO `user_groups` (`ID`, `name`, `default`) VALUES
(1, 'Default Group', 0),
(2, 'user', 1);

-- --------------------------------------------------------

--
-- Table structure for table `user_group_users`
--

CREATE TABLE `user_group_users` (
  `ID` int(11) NOT NULL,
  `groupid` int(11) NOT NULL DEFAULT '0',
  `userid` int(11) NOT NULL DEFAULT '0'
) ENGINE=InnoDB DEFAULT CHARSET=utf8;

--
-- Dumping data for table `user_group_users`
--

INSERT INTO `user_group_users` (`ID`, `groupid`, `userid`) VALUES
(1, 1, 2),
(2, 1, 3),
(3, 1, 0),
(5, 2, 5),
(6, 2, 6),
(7, 2, 7),
(8, 2, 8),
(9, 2, 9);

-- --------------------------------------------------------

--
-- Table structure for table `user_images`
--

CREATE TABLE `user_images` (
  `ID` int(11) NOT NULL,
  `userid` int(11) NOT NULL,
  `file_name` varchar(1000) NOT NULL,
  `file_type` varchar(50) NOT NULL,
  `extension` varchar(20) NOT NULL,
  `file_size` int(11) NOT NULL,
  `timestamp` int(11) NOT NULL,
  `file_url` varchar(2000) NOT NULL,
  `albumid` int(11) NOT NULL,
  `name` varchar(255) NOT NULL,
  `description` varchar(1000) NOT NULL
) ENGINE=InnoDB DEFAULT CHARSET=latin1;

--
-- Dumping data for table `user_images`
--

INSERT INTO `user_images` (`ID`, `userid`, `file_name`, `file_type`, `extension`, `file_size`, `timestamp`, `file_url`, `albumid`, `name`, `description`) VALUES
(4, 2, '611957a123e60f511337672c88551554.png', 'image/png', '.png', 352, 1551092903, '', 0, '', ''),
(5, 2, 'ac98945c161cc71afd6d7470d217a2fa.png', 'image/png', '.png', 352, 1551095938, '', 1, '', ''),
(6, 2, '0caf6daae3969a98a239589a6f0b16cf.png', 'image/png', '.png', 352, 1551095948, '', 1, '', ''),
(7, 2, 'da1314b2af20f682256d2b85ab7de079.png', 'image/png', '.png', 352, 1551095951, '', 1, '', ''),
(8, 2, 'd73920d4d25b5716854db54670d29867.png', 'image/png', '.png', 472, 1551095984, '', 1, '', ''),
(9, 1, '1a9997596ccea4b01a77a07df93121ae.png', 'image/png', '.png', 630, 1551096690, '', 3, 'sad', 'sadsad'),
(10, 1, '3c09724dea50c7467e34d8ab9bf48cff.png', 'image/png', '.png', 1671, 1551096825, '', 2, '', ''),
(11, 1, '4dd530a994ac481be2424ae82eec0399.png', 'image/png', '.png', 709, 1551096889, '', 2, 'sadsad', 'saadsad'),
(12, 1, '52c5b1dec052ecb9cd727bdc7216e68b.png', 'image/png', '.png', 7, 1551243982, '', 4, '', ''),
(13, 1, 'a41d4f7ce2f71e975649aec28a771dc3.png', 'image/png', '.png', 709, 1551245370, '', 3, 'asdsd', ''),
(14, 1, 'eaf63edc251840049eef353bde2f08f9.png', 'image/png', '.png', 709, 1551245406, '', 3, 'dsfdsfdsf', ''),
(15, 1, '65216176aa883f0396f4e9dbd5d5ebab.png', 'image/png', '.png', 656, 1551264725, '', 5, 'sdas', 'dasdsad'),
(16, 1, '0f3ad79a22a074480bbb7b9e0aefc367.png', 'image/png', '.png', 352, 1551264741, '', 5, '', ''),
(17, 1, '7ef5787444e175c83aff3e5345a14165.png', 'image/png', '.png', 15, 1551264741, '', 6, 'sadsad', 'asdsad'),
(20, 1, '36ceedecfa5b7924033facf2589dded4.jpg', 'image/jpeg', '.jpg', 14, 1551270519, '', 8, '', ''),
(22, 1, 'f222e74e23cbd8ade4acd557988dfd8c.jpg', 'image/jpeg', '.jpg', 14, 1551347587, '', 9, '', ''),
(23, 1, 'a0ae0d7f8ff0318909f5171012a4eaee.jpg', 'image/jpeg', '.jpg', 14, 1551438945, '', 3, '', ''),
(26, 1, '2a0b270fbab1302e08b51f4ca8162987.jpg', 'image/jpeg', '.jpg', 14, 1551504759, '', 1, '', ''),
(27, 1, 'd8c256b055b43ebced7241e3eea70d19.jpg', 'image/jpeg', '.jpg', 14, 1551505627, '', 10, '', ''),
(28, 1, 'fc9f954ba85f6a9838b43529898cac40.jpg', 'image/jpeg', '.jpg', 14, 1551505634, '', 10, '', ''),
(29, 1, 'f7eff7e1215c5222c00e29c471aba436.jpg', 'image/jpeg', '.jpg', 14, 1551766808, '', 3, '', ''),
(30, 1, 'de6ce1ead21e613bf5cb4e23944f9a0c.jpg', 'image/jpeg', '.jpg', 14, 1551770094, '', 3, '', ''),
(31, 1, 'a8664328af5b5a5e2931e46feb911640.jpg', 'image/jpeg', '.jpg', 14, 1551770417, '', 3, '', ''),
(32, 1, 'aa856efe2d62019bd7a5544d96be4660.jpg', 'image/jpeg', '.jpg', 14, 1551771355, '', 0, '', ''),
(33, 1, 'd5ac46ec53e44753865a056b54843c1c.jpg', 'image/jpeg', '.jpg', 14, 1551771377, '', 0, '', ''),
(34, 1, '9f8b309de8a6b9cf391d8cdb2f73eba1.jpg', 'image/jpeg', '.jpg', 14, 1551771423, '', 0, '', ''),
(35, 1, '06ebea1b8753a4eddc3560efab0c69eb.jpg', 'image/jpeg', '.jpg', 6, 1551771514, '', 0, '', ''),
(37, 1, 'bff41dd26cbcb91a8c8914b7d0bc28e1.jpg', 'image/jpeg', '.jpg', 51, 1552281551, '', 3, '', ''),
(38, 1, '', '', '', 0, 1552289016, 'https://www.goodmorninggif.com/wp-content/uploads/2018/05/A-Very-Good-Morning-Flower-Image.jpg', 0, '', ''),
(40, 1, 'ecc41f4aed25a17a5a8daa47221903aa.jpg', 'image/jpeg', '.jpg', 51, 1552295078, '', 11, 'asd', ''),
(41, 1, '36f35640e66e405980ca83561a623645.jpg', 'image/jpeg', '.jpg', 51, 1552295421, '', 11, '', ''),
(42, 1, '9654d8f380c8ac2a10b46e2a33f657ba.jpg', 'image/jpeg', '.jpg', 51, 1552295421, '', 11, '', ''),
(43, 1, '043392e25b43d63af8a18b295fce3b70.jpg', 'image/jpeg', '.jpg', 51, 1552295422, '', 11, '', ''),
(45, 1, '2302a891e3e48ec50602108553e272c6.jpg', 'image/jpeg', '.jpg', 111, 1552384505, '', 3, '', ''),
(46, 1, '99b7f91b212ff06308ea580f0316aff3.jpg', 'image/jpeg', '.jpg', 91, 1552388123, '', 12, '', ''),
(47, 1, 'be522eac9328b92c9dd643b7851c774e.jpg', 'image/jpeg', '.jpg', 91, 1552392969, '', 11, '', ''),
(48, 1, '3960ddf3120d39addf541f5d1aa985bb.jpg', 'image/jpeg', '.jpg', 111, 1552392976, '', 11, '', ''),
(49, 1, '', '', '', 0, 1552719620, 'http://www.erojunews.com/wp-content/uploads/2019/01/Prakash-Raj-1-600x385.jpg', 3, '', ''),
(50, 1, '', '', '', 0, 1552721572, 'https://tamil.oneindia.com/img/2019/03/amit-shah-modi22-1552720150.jpg', 3, '', ''),
(51, 2, '', '', '', 0, 1553079851, 'https://i.pinimg.com/736x/5c/28/23/5c28239baea172262f04a31e7dd7c670.jpg', 1, '', ''),
(52, 2, '12f56ab30986551af7625e098ac41fe1.jpg', 'image/jpeg', '.jpg', 162, 1553080397, '', 1, '', ''),
(53, 2, '7e9efa9ed35d5780d493e3bf672aad68.jpg', 'image/jpeg', '.jpg', 162, 1553080453, '', 1, '', ''),
(54, 2, 'ebaf2770d4dcce771cc286c5be2f2b23.jpg', 'image/jpeg', '.jpg', 51, 1553080463, '', 1, '', ''),
(55, 2, '2fec4965c6f3feb13e6926484da55e7f.jpg', 'image/jpeg', '.jpg', 91, 1553080494, '', 1, '', ''),
(56, 1, '629d5a4f4230e7836bcb85a4fce1091b.jpg', 'image/jpeg', '.jpg', 91, 1553250504, '', 3, '', ''),
(57, 1, 'a5fab3771f7d5e73fb37298e9688ab77.jpg', 'image/jpeg', '.jpg', 14, 1553251601, '', 0, '', '');

-- --------------------------------------------------------

--
-- Table structure for table `user_notifications`
--

CREATE TABLE `user_notifications` (
  `ID` int(11) NOT NULL,
  `userid` int(11) NOT NULL,
  `url` varchar(1000) COLLATE utf8_unicode_ci NOT NULL,
  `timestamp` int(11) NOT NULL,
  `status` int(11) NOT NULL,
  `message` varchar(1000) COLLATE utf8_unicode_ci NOT NULL,
  `fromid` int(11) NOT NULL
) ENGINE=InnoDB DEFAULT CHARSET=utf8 COLLATE=utf8_unicode_ci;

--
-- Dumping data for table `user_notifications`
--

INSERT INTO `user_notifications` (`ID`, `userid`, `url`, `timestamp`, `status`, `message`, `fromid`) VALUES
(1, 1, 'home/index/3?postid=3', 1550654376, 1, 'Admin User has liked your post!', 1),
(2, 1, 'home/index/3?postid=5', 1550656338, 1, 'Admin User has liked your post!', 1),
(3, 1, 'home/index/3?postid=5', 1550656512, 1, 'shobha thiru has liked your post!', 3),
(4, 1, 'user_settings/friend_requests', 1551080199, 1, 'shobha thiru has sent you a friend request!', 3),
(5, 3, 'user_settings/friend_requests', 1551080412, 1, 'Admin User has sent you a friend request!', 1),
(6, 2, 'user_settings/friend_requests', 1551080998, 1, 'Admin User has sent you a friend request!', 1),
(7, 2, 'user_settings/friend_requests', 1551092073, 1, 'shobha thiru has sent you a friend request!', 3),
(8, 1, 'home/index', 1551092132, 1, 'thirupathi durgam has accepted your friend request!', 2),
(9, 2, 'user_settings/friend_requests', 1551092190, 1, 'shobha thiru has sent you a friend request!', 3),
(10, 3, 'home/index', 1551092219, 0, 'thirupathi durgam has accepted your friend request!', 2),
(11, 3, 'home/index/3?postid=9', 1551095902, 0, 'thirupathi durgam has added you in a post!', 2),
(12, 3, 'home/index/3?postid=10', 1551095908, 0, 'thirupathi durgam has added you in a post!', 2),
(13, 3, 'home/index/3?postid=11', 1551095917, 0, 'thirupathi durgam has added you in a post!', 2),
(14, 3, 'home/index/3?postid=12', 1551095918, 0, 'thirupathi durgam has added you in a post!', 2),
(15, 3, 'home/index/3?postid=13', 1551095920, 0, 'thirupathi durgam has added you in a post!', 2),
(16, 3, 'home/index/3?postid=14', 1551095922, 0, 'thirupathi durgam has added you in a post!', 2),
(17, 3, 'home/index/3?postid=15', 1551095925, 0, 'thirupathi durgam has added you in a post!', 2),
(18, 3, 'home/index/3?postid=16', 1551095926, 0, 'thirupathi durgam has added you in a post!', 2),
(19, 3, 'home/index/3?postid=17', 1551095928, 0, 'thirupathi durgam has added you in a post!', 2),
(20, 3, 'home/index/3?postid=18', 1551095929, 0, 'thirupathi durgam has added you in a post!', 2),
(21, 3, 'home/index/3?postid=19', 1551095931, 0, 'thirupathi durgam has added you in a post!', 2),
(22, 3, 'home/index/3?postid=20', 1551095939, 0, 'thirupathi durgam has added you in a post!', 2),
(23, 3, 'home/index/3?postid=21', 1551095949, 0, 'thirupathi durgam has added you in a post!', 2),
(24, 3, 'home/index/3?postid=22', 1551095952, 0, 'thirupathi durgam has added you in a post!', 2),
(25, 2, 'home/index/3?postid=24', 1551096030, 1, 'shobha thiru has liked your post!', 3),
(26, 2, 'user_settings/friend_requests', 1551096074, 1, 'shobha thiru has sent you a friend request!', 3),
(27, 4, 'user_settings/friend_requests', 1551096113, 0, 'thirupathi durgam has sent you a friend request!', 2),
(28, 3, 'user_settings/friend_requests', 1551096126, 0, 'thirupathi durgam has sent you a friend request!', 2),
(29, 3, 'home/index', 1551096132, 0, 'thirupathi durgam has accepted your friend request!', 2),
(30, 2, 'home/index/3?postid=30', 1551097288, 1, 'Admin User has added you in a post!', 1),
(31, 2, 'home/index/3?postid=31', 1551097298, 1, 'Admin User has added you in a post!', 1),
(32, 2, 'home/index/3?postid=32', 1551097306, 1, 'Admin User has added you in a post!', 1),
(33, 2, 'home/index/3?postid=31&commentid=1', 1551157374, 1, 'Admin User has commented on a post you are subscribed to!', 1),
(34, 1, 'home/index/3?postid=31', 1551161316, 1, 'Admin User has liked your post!', 1),
(35, 1, 'home/index/3?postid=32', 1551161350, 1, 'Admin User has liked your post!', 1),
(36, 1, 'home/index/3?postid=30', 1551162020, 1, 'Admin User has liked your post!', 1),
(37, 1, 'home/index/3?postid=32', 1551162035, 1, 'Admin User has liked your post!', 1),
(38, 1, 'home/index/3?postid=32', 1551162087, 1, 'Admin User has liked your post!', 1),
(39, 1, 'home/index/3?postid=32', 1551162167, 1, 'Admin User has liked your post!', 1),
(40, 1, 'home/index/3?postid=32', 1551162241, 1, 'Admin User has liked your post!', 1),
(41, 1, 'home/index/3?postid=32', 1551162402, 1, 'Admin User has liked your post!', 1),
(42, 1, 'home/index/3?postid=32', 1551162410, 1, 'Admin User has liked your post!', 1),
(43, 1, 'home/index/3?postid=32', 1551162417, 1, 'Admin User has liked your post!', 1),
(44, 1, 'home/index/3?postid=32', 1551162443, 1, 'Admin User has liked your post!', 1),
(45, 1, 'home/index/3?postid=32', 1551162470, 1, 'Admin User has liked your post!', 1),
(46, 1, 'home/index/3?postid=32', 1551162600, 1, 'Admin User has liked your post!', 1),
(47, 1, 'home/index/3?postid=32', 1551162609, 1, 'Admin User has liked your post!', 1),
(48, 1, 'home/index/3?postid=32', 1551162611, 1, 'Admin User has liked your post!', 1),
(49, 1, 'home/index/3?postid=32', 1551162632, 1, 'Admin User has liked your post!', 1),
(50, 1, 'home/index/3?postid=32', 1551162647, 1, 'Admin User has liked your post!', 1),
(51, 1, 'home/index/3?postid=32', 1551162652, 1, 'Admin User has liked your post!', 1),
(52, 1, 'home/index/3?postid=32', 1551162755, 1, 'Admin User has liked your post!', 1),
(53, 1, 'home/index/3?postid=32', 1551162770, 1, 'Admin User has liked your post!', 1),
(54, 1, 'home/index/3?postid=32', 1551162893, 1, 'Admin User has liked your post!', 1),
(55, 1, 'home/index/3?postid=32', 1551162898, 1, 'Admin User has liked your post!', 1),
(56, 1, 'home/index/3?postid=31', 1551163328, 1, 'Admin User has liked your post!', 1),
(57, 1, 'home/index/3?postid=31', 1551163330, 1, 'Admin User has liked your post!', 1),
(58, 1, 'home/index/3?postid=31', 1551163334, 1, 'Admin User has liked your post!', 1),
(59, 1, 'home/index/3?postid=31', 1551163336, 1, 'Admin User has liked your post!', 1),
(60, 1, 'home/index/3?postid=31', 1551163339, 1, 'Admin User has liked your post!', 1),
(61, 1, 'home/index/3?postid=32', 1551163341, 1, 'Admin User has liked your post!', 1),
(62, 1, 'home/index/3?postid=29', 1551163474, 1, 'Admin User has liked your post!', 1),
(63, 1, 'home/index/3?postid=28', 1551163479, 1, 'Admin User has liked your post!', 1),
(64, 1, 'home/index/3?postid=27', 1551163491, 1, 'Admin User has liked your post!', 1),
(65, 1, 'home/index/3?postid=26', 1551163495, 1, 'Admin User has liked your post!', 1),
(66, 1, 'home/index/3?postid=26', 1551163500, 1, 'Admin User has liked your post!', 1),
(67, 1, 'home/index/3?postid=26', 1551163505, 1, 'Admin User has liked your post!', 1),
(68, 2, 'home/index/3?postid=24', 1551163512, 1, 'Admin User has liked your post!', 1),
(69, 1, 'home/index/3?postid=5', 1551163523, 1, 'Admin User has liked your post!', 1),
(70, 2, 'home/index/3?postid=23', 1551166407, 1, 'Admin User has liked your post!', 1),
(71, 3, 'user_settings/friend_requests', 1551168102, 0, 'Admin User has sent you a friend request!', 1),
(72, 2, 'home/index/3?postid=47', 1551246556, 1, 'Admin User has added you in a post!', 1),
(73, 1, 'home/index/3?postid=48', 1551246588, 1, 'Admin User has liked your post!', 1),
(74, 2, 'home/index/3?postid=50', 1551248969, 1, 'Admin User has added you in a post!', 1),
(75, 1, 'home/index/3?postid=51', 1551250282, 1, 'Admin User has liked your post!', 1),
(76, 1, 'home/index', 1551333191, 1, 'shobha thiru has accepted your friend request!', 3),
(77, 2, 'home/index', 1551333194, 1, 'shobha thiru has accepted your friend request!', 3),
(78, 3, 'user_settings#relationship_part', 1551333223, 0, 'Admin User has requested to say they\'re in a relationship with you. Accept or Deny in your User Settings.', 1),
(79, 4, 'user_settings/friend_requests', 1551335015, 0, 'Admin User has sent you a friend request!', 1),
(80, 1, 'user_settings/friend_requests', 1551335356, 1, 'check hi has sent you a friend request!', 5),
(81, 2, 'user_settings/page_invites', 1551336436, 1, 'Admin User has invited you to join the page: invite check', 1),
(82, 3, 'user_settings/page_invites', 1551336437, 0, 'Admin User has invited you to join the page: invite check', 1),
(83, 3, 'user_settings/page_invites', 1551347908, 0, 'Admin User has invited you to join the page: dsdsf', 1),
(84, 2, 'home/index/3?postid=76&commentid=2&replyid=3', 1551418975, 1, 'thirupathi durgam has replied to a comment you posted!', 2),
(85, 2, 'home/index/3?postid=76&commentid=2&replyid=4', 1551418991, 1, 'thirupathi durgam has replied to a comment you posted!', 2),
(86, 2, 'home/index/3?postid=76&commentid=2&replyid=5', 1551419013, 1, 'thirupathi durgam has replied to a comment you posted!', 2),
(87, 1, 'home/index/3?postid=76', 1551419075, 1, 'thirupathi durgam has liked your post!', 2),
(88, 1, 'home/index/3?postid=76', 1551419140, 1, 'thirupathi durgam has liked your post!', 2),
(89, 1, 'home/index/3?postid=76', 1551419144, 1, 'thirupathi durgam has liked your post!', 2),
(90, 1, 'home/index/3?postid=73', 1551419331, 1, 'thirupathi durgam has liked your post!', 2),
(91, 1, 'home/index/3?postid=71', 1551419340, 1, 'thirupathi durgam has liked your post!', 2),
(92, 1, 'home/index/3?postid=76', 1551419407, 1, 'thirupathi durgam has liked your post!', 2),
(93, 2, 'home/index/3?postid=70', 1551420419, 1, 'thirupathi durgam has liked your post!', 2),
(94, 2, 'home/index/3?postid=70', 1551420422, 1, 'thirupathi durgam has liked your post!', 2),
(95, 1, 'home/index/3?postid=69', 1551420425, 1, 'thirupathi durgam has liked your post!', 2),
(96, 2, 'home/index/3?postid=76&commentid=7', 1551421058, 1, 'thirupathi durgam has tagged you in a comment!', 2),
(97, 1, 'home/index/3?postid=73&commentid=8', 1551421362, 1, 'thirupathi durgam has tagged you in a comment!', 2),
(98, 1, 'home/index/3?postid=73&commentid=8', 1551421362, 1, 'thirupathi durgam has commented on a post you are subscribed to!', 2),
(99, 2, 'home/index/3?postid=73&commentid=9', 1551421378, 1, 'thirupathi durgam has tagged you in a comment!', 2),
(100, 1, 'home/index/3?postid=73&commentid=9', 1551421378, 1, 'thirupathi durgam has commented on a post you are subscribed to!', 2),
(101, 2, 'home/index/3?postid=76&commentid=10&replyid=11', 1551421572, 1, 'thirupathi durgam has replied to a comment you posted!', 2),
(102, 5, 'home/index/3?postid=76&commentid=13', 1551421623, 0, 'thirupathi durgam has tagged you in a comment!', 2),
(103, 2, 'home/index/3?postid=76&commentid=13&replyid=14', 1551421641, 1, 'thirupathi durgam has replied to a comment you posted!', 2),
(104, 1, 'home/index/3?postid=45&commentid=15', 1551422405, 1, 'thirupathi durgam has commented on a post you are subscribed to!', 2),
(105, 1, 'home/index/3?postid=45&commentid=16', 1551422425, 1, 'thirupathi durgam has commented on a post you are subscribed to!', 2),
(106, 1, 'home/index/3?postid=48&commentid=17', 1551422558, 1, 'thirupathi durgam has commented on a post you are subscribed to!', 2),
(107, 1, 'home/index/3?postid=48&commentid=18', 1551422565, 1, 'thirupathi durgam has commented on a post you are subscribed to!', 2),
(108, 2, 'home/index/3?postid=48&commentid=18&replyid=19', 1551422570, 1, 'thirupathi durgam has replied to a comment you posted!', 2),
(109, 2, 'home/index/3?postid=48&commentid=18&replyid=20', 1551422639, 1, 'thirupathi durgam has replied to a comment you posted!', 2),
(110, 1, 'home/index/3?postid=44&commentid=21', 1551422830, 1, 'thirupathi durgam has commented on a post you are subscribed to!', 2),
(111, 1, 'home/index/3?postid=34&commentid=22', 1551423024, 1, 'thirupathi durgam has commented on a post you are subscribed to!', 2),
(112, 2, 'home/index/3?postid=49&commentid=23', 1551423260, 1, 'thirupathi durgam has tagged you in a comment!', 2),
(113, 1, 'home/index/3?postid=49&commentid=23', 1551423260, 1, 'thirupathi durgam has commented on a post you are subscribed to!', 2),
(114, 2, 'home/index/3?postid=49&commentid=23&replyid=24', 1551423268, 1, 'thirupathi durgam has replied to a comment you posted!', 2),
(115, 2, 'home/index/3?postid=77&commentid=25&replyid=26', 1551423310, 1, 'thirupathi durgam has replied to a comment you posted!', 2),
(116, 2, 'home/index/3?postid=77&commentid=25&replyid=27', 1551423321, 1, 'thirupathi durgam has replied to a comment you posted!', 2),
(117, 2, 'home/index/3?postid=77&commentid=25&replyid=28', 1551423330, 1, 'thirupathi durgam has replied to a comment you posted!', 2),
(118, 3, 'home/index/3?postid=77&commentid=29', 1551423822, 0, 'thirupathi durgam has tagged you in a comment!', 2),
(119, 1, 'home/index/3?postid=61&commentid=31', 1551426461, 1, 'thirupathi durgam has commented on a post you are subscribed to!', 2),
(120, 1, 'home/index/3?postid=61&commentid=32', 1551426471, 1, 'thirupathi durgam has commented on a post you are subscribed to!', 2),
(121, 1, 'home/index/3?postid=35&commentid=33', 1551427279, 1, 'thirupathi durgam has commented on a post you are subscribed to!', 2),
(122, 2, 'home/index/3?postid=79&commentid=34', 1551434983, 1, 'Admin User has commented on a post you are subscribed to!', 1),
(123, 2, 'home/index/3?postid=79&commentid=35', 1551435066, 1, 'Admin User has commented on a post you are subscribed to!', 1),
(124, 2, 'home/index/3?postid=79&commentid=36', 1551435078, 1, 'Admin User has commented on a post you are subscribed to!', 1),
(125, 2, 'home/index/3?postid=79&commentid=37', 1551435137, 1, 'Admin User has commented on a post you are subscribed to!', 1),
(126, 2, 'home/index/3?postid=79&commentid=38', 1551435353, 1, 'Admin User has commented on a post you are subscribed to!', 1),
(127, 2, 'home/index/3?postid=79&commentid=39', 1551435454, 1, 'Admin User has commented on a post you are subscribed to!', 1),
(128, 2, 'home/index/3?postid=79&commentid=40', 1551435462, 1, 'Admin User has commented on a post you are subscribed to!', 1),
(129, 1, 'home/index/3?postid=79&commentid=40&replyid=41', 1551435484, 1, 'Admin User has replied to a comment you posted!', 1),
(130, 2, 'home/index/3?postid=77&commentid=25&replyid=42', 1551436148, 1, 'Admin User has replied to a comment you posted!', 1),
(131, 2, 'home/index/3?postid=78&commentid=43', 1551436299, 1, 'Admin User has commented on a post you are subscribed to!', 1),
(132, 1, 'home/index/3?postid=78&commentid=43&replyid=44', 1551436330, 1, 'Admin User has replied to a comment you posted!', 1),
(133, 2, 'home/index/3?postid=78&commentid=45', 1551436457, 1, 'Admin User has commented on a post you are subscribed to!', 1),
(134, 2, 'home/index/3?postid=78&commentid=46', 1551436467, 1, 'Admin User has commented on a post you are subscribed to!', 1),
(135, 2, 'home/index/3?postid=77&commentid=47', 1551437026, 1, 'Admin User has commented on a post you are subscribed to!', 1),
(136, 2, 'home/index/3?postid=77&commentid=48', 1551437040, 1, 'Admin User has commented on a post you are subscribed to!', 1),
(137, 2, 'home/index/3?postid=77&commentid=49', 1551437070, 1, 'Admin User has commented on a post you are subscribed to!', 1),
(138, 2, 'home/index/3?postid=77&commentid=50', 1551437090, 1, 'Admin User has commented on a post you are subscribed to!', 1),
(139, 1, 'home/index/3?postid=74&commentid=51&replyid=52', 1551437574, 1, 'Admin User has replied to a comment you posted!', 1),
(140, 1, 'home/index/3?postid=78&commentid=43&replyid=53', 1551437692, 1, 'Admin User has replied to a comment you posted!', 1),
(141, 2, 'home/index/3?postid=79', 1551437773, 1, 'Admin User has liked your post!', 1),
(142, 2, 'home/index/3?postid=79', 1551437818, 1, 'Admin User has liked your post!', 1),
(143, 2, 'home/index/3?postid=77', 1551437900, 1, 'Admin User has liked your post!', 1),
(144, 2, 'home/index/3?postid=78', 1551437903, 1, 'Admin User has liked your post!', 1),
(145, 2, 'home/index/3?postid=78', 1551437962, 1, 'Admin User has liked your post!', 1),
(146, 2, 'home/index/3?postid=79', 1551438008, 1, 'Admin User has liked your post!', 1),
(147, 2, 'home/index/3?postid=79', 1551438231, 1, 'Admin User has liked your post!', 1),
(148, 2, 'home/index/3?postid=79', 1551438236, 1, 'Admin User has liked your post!', 1),
(149, 2, 'home/index/3?postid=79', 1551438281, 1, 'Admin User has liked your post!', 1),
(150, 2, 'home/index/3?postid=79', 1551438305, 1, 'Admin User has liked your post!', 1),
(151, 3, 'home/index/3?postid=66&commentid=55', 1551438448, 1, 'Admin User has tagged you in a comment!', 1),
(152, 1, 'home/index/3?postid=80', 1551440905, 1, 'Admin User has liked your post!', 1),
(153, 1, 'home/index/3?postid=80', 1551441068, 1, 'Admin User has liked your post!', 1),
(154, 1, 'home/index/3?postid=76', 1551504850, 1, 'Admin User has liked your post!', 1),
(155, 2, 'home/index/3?postid=76&commentid=59', 1551504859, 1, 'Admin User has commented on a post you are subscribed to!', 1),
(156, 2, 'user_settings/page_invites', 1551505250, 1, 'Admin User has invited you to join the page: invite check', 1),
(157, 1, 'home/index/3?postid=85', 1551506368, 1, 'Admin User has liked your post!', 1),
(158, 1, 'home/index/3?postid=86', 1551766190, 1, 'Admin User has liked your post!', 1),
(159, 1, 'home/index/3?postid=95', 1551768787, 1, 'Admin User has liked your post!', 1),
(160, 1, 'home/index/3?postid=115', 1551772099, 1, 'Admin User has liked your post!', 1),
(161, 7, 'user_settings/friend_requests', 1551778217, 0, 'Admin User has sent you a friend request!', 1),
(162, 7, 'user_settings/friend_requests', 1551778725, 0, 'shobha thiru has sent you a friend request!', 3),
(163, 1, 'home/index/3?postid=115', 1551779232, 1, 'Admin User has liked your post!', 1),
(164, 1, 'home/index/3?postid=85', 1551791075, 1, 'Admin User has liked your post!', 1),
(165, 1, 'home/index/3?postid=85', 1551791478, 1, 'Admin User has liked your post!', 1),
(166, 1, 'home/index/3?postid=85', 1551791480, 1, 'Admin User has liked your post!', 1),
(167, 1, 'home/index/3?postid=85', 1551792438, 1, 'Admin User has liked your post!', 1),
(168, 2, 'home/index/3?postid=120&commentid=63', 1552119807, 1, 'Admin User has commented on a post you are subscribed to!', 1),
(169, 1, 'home/index/3?postid=120&commentid=63&replyid=64', 1552119822, 1, 'Admin User has replied to a comment you posted!', 1),
(170, 1, 'home/index/3?postid=120&commentid=63&replyid=65', 1552119829, 1, 'Admin User has replied to a comment you posted!', 1),
(171, 2, 'home/index/3?postid=120&commentid=66', 1552129587, 1, 'Admin User has commented on a post you are subscribed to!', 1),
(172, 1, 'home/index/3?postid=120&commentid=66&replyid=67', 1552129619, 1, 'Admin User has replied to a comment you posted!', 1),
(173, 1, 'home/index/3?postid=120&commentid=66&replyid=68', 1552129624, 1, 'Admin User has replied to a comment you posted!', 1),
(174, 1, 'home/index/3?postid=120&commentid=66&replyid=69', 1552130241, 1, 'Admin User has replied to a comment you posted!', 1),
(175, 2, 'home/index/3?postid=120&commentid=70', 1552130254, 1, 'Admin User has commented on a post you are subscribed to!', 1),
(176, 1, 'home/index/3?postid=120&commentid=70&replyid=71', 1552130267, 1, 'Admin User has replied to a comment you posted!', 1),
(177, 1, 'home/index/3?postid=120', 1552130460, 1, 'Admin User has liked your post!', 1),
(178, 2, 'home/index/3?postid=120&commentid=72', 1552130652, 1, 'Admin User has commented on a post you are subscribed to!', 1),
(179, 1, 'home/index/3?postid=126', 1552281338, 1, 'Admin User has liked your post!', 1),
(180, 1, 'home/index/3?postid=73', 1552281877, 1, 'Admin User has liked your post!', 1),
(181, 1, 'home/index/3?postid=73', 1552281950, 1, 'Admin User has liked your post!', 1),
(182, 1, 'home/index/3?postid=73', 1552281959, 1, 'Admin User has liked your post!', 1),
(183, 1, 'home/index/3?postid=34', 1552283920, 1, 'Admin User has liked your post!', 1),
(184, 1, 'home/index/3?postid=128&commentid=73&replyid=74', 1552284363, 1, 'Admin User has replied to a comment you posted!', 1),
(185, 1, 'home/index/3?postid=128&commentid=73&replyid=75', 1552284366, 1, 'Admin User has replied to a comment you posted!', 1),
(186, 2, 'home/index/3?postid=71&commentid=82', 1552285116, 1, 'Admin User has commented on a post you are subscribed to!', 1),
(187, 2, 'home/index/3?postid=77', 1552285224, 1, 'Admin User has liked your post!', 1),
(188, 1, 'home/index/3?postid=120', 1552285277, 1, 'Admin User has liked your post!', 1),
(189, 1, 'home/index/3?postid=120', 1552285309, 1, 'Admin User has liked your post!', 1),
(190, 1, 'home/index/3?postid=128', 1552285348, 1, 'Admin User has liked your post!', 1),
(191, 1, 'home/index/3?postid=128', 1552285356, 1, 'Admin User has liked your post!', 1),
(192, 1, 'home/index/3?postid=125', 1552285364, 1, 'Admin User has liked your post!', 1),
(193, 1, 'home/index/3?postid=124', 1552285380, 1, 'Admin User has liked your post!', 1),
(194, 1, 'home/index/3?postid=123', 1552285553, 1, 'Admin User has liked your post!', 1),
(195, 1, 'home/index/3?postid=127', 1552285566, 1, 'Admin User has liked your post!', 1),
(196, 1, 'home/index/3?postid=127', 1552285724, 1, 'Admin User has liked your post!', 1),
(197, 5, 'home/index/3?postid=71&commentid=86', 1552285747, 0, 'Admin User has tagged you in a comment!', 1),
(198, 2, 'home/index/3?postid=71&commentid=86', 1552285748, 1, 'Admin User has commented on a post you are subscribed to!', 1),
(199, 2, 'home/index/3?postid=76&commentid=13&replyid=89', 1552289287, 1, 'Admin User has replied to a comment you posted!', 1),
(200, 1, 'home/index/3?postid=128&commentid=123&replyid=124', 1552289429, 1, 'Admin User has replied to a comment you posted!', 1),
(201, 1, 'home/index/3?postid=128', 1552293248, 1, 'Admin User has liked your post!', 1),
(202, 1, 'home/index/3?postid=133', 1552375431, 1, 'Admin User has liked your post!', 1),
(203, 1, 'home/index/3?postid=136', 1552375873, 1, 'thirupathi durgam has liked your post!', 2),
(204, 1, 'home/index/3?postid=150&commentid=203&replyid=204', 1552564616, 1, 'Admin User has replied to a comment you posted!', 1),
(205, 1, 'home/index/3?postid=150', 1552564622, 1, 'Admin User has liked your post!', 1),
(206, 2, 'home/index/3?postid=157', 1553081854, 1, 'thirupathi durgam has liked your post!', 2);

-- --------------------------------------------------------

--
-- Table structure for table `user_roles`
--

CREATE TABLE `user_roles` (
  `ID` int(11) NOT NULL,
  `name` varchar(255) NOT NULL DEFAULT '',
  `admin` int(11) NOT NULL DEFAULT '0',
  `admin_settings` int(11) NOT NULL DEFAULT '0',
  `admin_members` int(11) NOT NULL DEFAULT '0',
  `admin_payment` int(11) NOT NULL DEFAULT '0',
  `banned` int(11) NOT NULL,
  `live_chat` int(11) NOT NULL,
  `page_creator` int(11) NOT NULL,
  `page_admin` int(11) NOT NULL,
  `post_admin` int(11) NOT NULL
) ENGINE=InnoDB DEFAULT CHARSET=utf8;

--
-- Dumping data for table `user_roles`
--

INSERT INTO `user_roles` (`ID`, `name`, `admin`, `admin_settings`, `admin_members`, `admin_payment`, `banned`, `live_chat`, `page_creator`, `page_admin`, `post_admin`) VALUES
(1, 'Admin', 1, 0, 0, 0, 0, 0, 0, 0, 0),
(2, 'Member Manager', 0, 0, 1, 0, 0, 0, 0, 0, 0),
(3, 'Admin Settings', 0, 1, 0, 0, 0, 0, 0, 0, 0),
(4, 'Admin Payments', 0, 0, 0, 1, 0, 0, 0, 0, 0),
(5, 'Member', 0, 0, 0, 0, 0, 1, 1, 0, 0),
(6, 'Banned', 0, 0, 0, 0, 1, 0, 0, 0, 0),
(7, 'user', 0, 0, 0, 0, 0, 0, 0, 0, 0);

-- --------------------------------------------------------

--
-- Table structure for table `user_role_permissions`
--

CREATE TABLE `user_role_permissions` (
  `ID` int(11) NOT NULL,
  `name` varchar(255) COLLATE utf8_unicode_ci NOT NULL,
  `description` varchar(500) COLLATE utf8_unicode_ci NOT NULL,
  `classname` varchar(255) COLLATE utf8_unicode_ci NOT NULL,
  `hook` varchar(255) COLLATE utf8_unicode_ci NOT NULL
) ENGINE=InnoDB DEFAULT CHARSET=utf8 COLLATE=utf8_unicode_ci;

--
-- Dumping data for table `user_role_permissions`
--

INSERT INTO `user_role_permissions` (`ID`, `name`, `description`, `classname`, `hook`) VALUES
(1, 'ctn_308', 'ctn_308', 'admin', 'admin'),
(2, 'ctn_309', 'ctn_309', 'admin', 'admin_settings'),
(3, 'ctn_310', 'ctn_310', 'admin', 'admin_members'),
(4, 'ctn_311', 'ctn_311', 'admin', 'admin_payment'),
(5, 'ctn_33', 'ctn_33', 'banned', 'banned'),
(6, 'ctn_430', 'ctn_431', 'site', 'live_chat'),
(7, 'ctn_432', 'ctn_435', 'page', 'page_creator'),
(8, 'ctn_433', 'ctn_436', 'page', 'page_admin'),
(9, 'ctn_434', 'ctn_437', 'page', 'post_admin');

-- --------------------------------------------------------

--
-- Table structure for table `user_saved_posts`
--

CREATE TABLE `user_saved_posts` (
  `ID` int(11) NOT NULL,
  `userid` int(11) NOT NULL,
  `postid` int(11) NOT NULL
) ENGINE=InnoDB DEFAULT CHARSET=latin1;

--
-- Dumping data for table `user_saved_posts`
--

INSERT INTO `user_saved_posts` (`ID`, `userid`, `postid`) VALUES
(4, 1, 74),
(8, 1, 67),
(9, 1, 55),
(15, 2, 67),
(16, 2, 45),
(17, 1, 97),
(18, 1, 90),
(21, 2, 129),
(22, 2, 128),
(23, 2, 134);

-- --------------------------------------------------------

--
-- Table structure for table `user_videos`
--

CREATE TABLE `user_videos` (
  `ID` int(11) NOT NULL,
  `file_name` varchar(500) NOT NULL,
  `file_type` varchar(255) NOT NULL,
  `userid` int(11) NOT NULL,
  `extension` varchar(50) NOT NULL,
  `file_size` int(11) NOT NULL,
  `timestamp` int(11) NOT NULL,
  `youtube_id` varchar(100) NOT NULL
) ENGINE=InnoDB DEFAULT CHARSET=latin1;

--
-- Dumping data for table `user_videos`
--

INSERT INTO `user_videos` (`ID`, `file_name`, `file_type`, `userid`, `extension`, `file_size`, `timestamp`, `youtube_id`) VALUES
(1, '', 'video/mp4', 1, '.mp4', 9865, 1550656107, 'knSnKaw_CTs'),
(2, '', 'video/mp4', 1, '.mp4', 1031, 1551096645, 'RaGzlJc-i3E'),
(3, '', 'video/mp4', 1, '.mp4', 1031, 1551096787, 'o1RmpX2hKh0'),
(4, '3013d95f9289000960fb4c5afeb4a2ea.mp4', 'video/mp4', 1, '.mp4', 1031, 1551245553, ''),
(5, '54722316ecdc2159f03c39fcb3f03fcb.mp4', 'video/mp4', 1, '.mp4', 1031, 1551245596, ''),
(6, 'ffd71005c1609d24100a2ee072fe07db.mp4', 'video/mp4', 1, '.mp4', 1031, 1551245666, ''),
(7, 'd2588428b41751cf7afbfef10b8dd847.mp4', 'video/mp4', 1, '.mp4', 1031, 1551246330, ''),
(8, '3ec0245cb55f1d50b1c7e63a87664b9b.mp4', 'video/mp4', 1, '.mp4', 1031, 1551260503, ''),
(10, '5e1206320c1fe45315087b12903cf1b3.mp4', 'video/mp4', 1, '.mp4', 1031, 1551767009, ''),
(11, 'ec2e236e15597575cf113e4df3dc235f.mp4', 'video/mp4', 1, '.mp4', 1031, 1551771367, ''),
(12, '71c1d0b53f8fd7ab26e86fba0860c13a.mp4', 'video/mp4', 1, '.mp4', 1031, 1551771409, ''),
(13, '77c0d704edeb9bc3903ee1f0a3c3c5c5.mp4', 'video/mp4', 1, '.mp4', 1031, 1551772122, ''),
(14, '0dc3acb5ea08f35f7fcb43fd7537ec4b.mp4', 'video/mp4', 1, '.mp4', 1031, 1552293606, ''),
(15, 'bd297f623efd1617a34fccdfb967d9c1.mp4', 'video/mp4', 1, '.mp4', 1031, 1552383384, ''),
(16, 'fad58708d7c68465a7ffba4d16ce0db5.mp4', 'video/mp4', 1, '.mp4', 1031, 1553251538, ''),
(17, 'fb252d9b5636dc1d353fd688917189a6.mp4', 'video/mp4', 1, '.mp4', 1031, 1553251565, ''),
(18, '2b5b44c99f17f5f1d8779974f88d4aac.mp4', 'video/mp4', 1, '.mp4', 1031, 1553251601, ''),
(19, '36781cac21306767fd448eaa1ce815df.mp4', 'video/mp4', 1, '.mp4', 1031, 1553251640, '');

--
-- Indexes for dumped tables
--

--
-- Indexes for table `calendar_events`
--
ALTER TABLE `calendar_events`
  ADD PRIMARY KEY (`ID`);

--
-- Indexes for table `calendar_event_users`
--
ALTER TABLE `calendar_event_users`
  ADD PRIMARY KEY (`ID`);

--
-- Indexes for table `ci_sessions`
--
ALTER TABLE `ci_sessions`
  ADD PRIMARY KEY (`id`),
  ADD KEY `ci_sessions_timestamp` (`timestamp`);

--
-- Indexes for table `custom_fields`
--
ALTER TABLE `custom_fields`
  ADD PRIMARY KEY (`ID`);

--
-- Indexes for table `email_templates`
--
ALTER TABLE `email_templates`
  ADD PRIMARY KEY (`ID`);

--
-- Indexes for table `feed_hashtags`
--
ALTER TABLE `feed_hashtags`
  ADD PRIMARY KEY (`ID`);

--
-- Indexes for table `feed_item`
--
ALTER TABLE `feed_item`
  ADD PRIMARY KEY (`ID`);

--
-- Indexes for table `feed_item_comments`
--
ALTER TABLE `feed_item_comments`
  ADD PRIMARY KEY (`ID`);

--
-- Indexes for table `feed_item_comment_likes`
--
ALTER TABLE `feed_item_comment_likes`
  ADD PRIMARY KEY (`ID`);

--
-- Indexes for table `feed_item_images`
--
ALTER TABLE `feed_item_images`
  ADD PRIMARY KEY (`ID`);

--
-- Indexes for table `feed_item_subscribers`
--
ALTER TABLE `feed_item_subscribers`
  ADD PRIMARY KEY (`ID`);

--
-- Indexes for table `feed_item_urls`
--
ALTER TABLE `feed_item_urls`
  ADD PRIMARY KEY (`ID`);

--
-- Indexes for table `feed_item_users`
--
ALTER TABLE `feed_item_users`
  ADD PRIMARY KEY (`ID`);

--
-- Indexes for table `feed_likes`
--
ALTER TABLE `feed_likes`
  ADD PRIMARY KEY (`ID`);

--
-- Indexes for table `feed_tagged_users`
--
ALTER TABLE `feed_tagged_users`
  ADD PRIMARY KEY (`ID`);

--
-- Indexes for table `home_stats`
--
ALTER TABLE `home_stats`
  ADD PRIMARY KEY (`ID`);

--
-- Indexes for table `instamojo_payment`
--
ALTER TABLE `instamojo_payment`
  ADD PRIMARY KEY (`id`);

--
-- Indexes for table `ipn_log`
--
ALTER TABLE `ipn_log`
  ADD PRIMARY KEY (`ID`);

--
-- Indexes for table `ip_block`
--
ALTER TABLE `ip_block`
  ADD PRIMARY KEY (`ID`);

--
-- Indexes for table `live_chat`
--
ALTER TABLE `live_chat`
  ADD PRIMARY KEY (`ID`);

--
-- Indexes for table `live_chat_messages`
--
ALTER TABLE `live_chat_messages`
  ADD PRIMARY KEY (`ID`);

--
-- Indexes for table `live_chat_users`
--
ALTER TABLE `live_chat_users`
  ADD PRIMARY KEY (`ID`);

--
-- Indexes for table `login_attempts`
--
ALTER TABLE `login_attempts`
  ADD PRIMARY KEY (`ID`);

--
-- Indexes for table `pages`
--
ALTER TABLE `pages`
  ADD PRIMARY KEY (`ID`);

--
-- Indexes for table `page_categories`
--
ALTER TABLE `page_categories`
  ADD PRIMARY KEY (`ID`);

--
-- Indexes for table `page_invites`
--
ALTER TABLE `page_invites`
  ADD PRIMARY KEY (`ID`);

--
-- Indexes for table `page_users`
--
ALTER TABLE `page_users`
  ADD PRIMARY KEY (`ID`);

--
-- Indexes for table `password_reset`
--
ALTER TABLE `password_reset`
  ADD PRIMARY KEY (`ID`);

--
-- Indexes for table `payment_logs`
--
ALTER TABLE `payment_logs`
  ADD PRIMARY KEY (`ID`);

--
-- Indexes for table `payment_plans`
--
ALTER TABLE `payment_plans`
  ADD PRIMARY KEY (`ID`);

--
-- Indexes for table `profile_comments`
--
ALTER TABLE `profile_comments`
  ADD PRIMARY KEY (`ID`);

--
-- Indexes for table `relationship_requests`
--
ALTER TABLE `relationship_requests`
  ADD PRIMARY KEY (`ID`);

--
-- Indexes for table `reports`
--
ALTER TABLE `reports`
  ADD PRIMARY KEY (`ID`);

--
-- Indexes for table `reset_log`
--
ALTER TABLE `reset_log`
  ADD PRIMARY KEY (`ID`);

--
-- Indexes for table `site_layouts`
--
ALTER TABLE `site_layouts`
  ADD PRIMARY KEY (`ID`);

--
-- Indexes for table `site_settings`
--
ALTER TABLE `site_settings`
  ADD PRIMARY KEY (`ID`);

--
-- Indexes for table `users`
--
ALTER TABLE `users`
  ADD PRIMARY KEY (`ID`);

--
-- Indexes for table `user_albums`
--
ALTER TABLE `user_albums`
  ADD PRIMARY KEY (`ID`);

--
-- Indexes for table `user_audios`
--
ALTER TABLE `user_audios`
  ADD PRIMARY KEY (`ID`);

--
-- Indexes for table `user_custom_fields`
--
ALTER TABLE `user_custom_fields`
  ADD PRIMARY KEY (`ID`);

--
-- Indexes for table `user_data`
--
ALTER TABLE `user_data`
  ADD PRIMARY KEY (`ID`);

--
-- Indexes for table `user_events`
--
ALTER TABLE `user_events`
  ADD PRIMARY KEY (`ID`);

--
-- Indexes for table `user_friends`
--
ALTER TABLE `user_friends`
  ADD PRIMARY KEY (`ID`);

--
-- Indexes for table `user_friend_requests`
--
ALTER TABLE `user_friend_requests`
  ADD PRIMARY KEY (`ID`);

--
-- Indexes for table `user_groups`
--
ALTER TABLE `user_groups`
  ADD PRIMARY KEY (`ID`);

--
-- Indexes for table `user_group_users`
--
ALTER TABLE `user_group_users`
  ADD PRIMARY KEY (`ID`);

--
-- Indexes for table `user_images`
--
ALTER TABLE `user_images`
  ADD PRIMARY KEY (`ID`);

--
-- Indexes for table `user_notifications`
--
ALTER TABLE `user_notifications`
  ADD PRIMARY KEY (`ID`);

--
-- Indexes for table `user_roles`
--
ALTER TABLE `user_roles`
  ADD PRIMARY KEY (`ID`);

--
-- Indexes for table `user_role_permissions`
--
ALTER TABLE `user_role_permissions`
  ADD PRIMARY KEY (`ID`);

--
-- Indexes for table `user_saved_posts`
--
ALTER TABLE `user_saved_posts`
  ADD PRIMARY KEY (`ID`);

--
-- Indexes for table `user_videos`
--
ALTER TABLE `user_videos`
  ADD PRIMARY KEY (`ID`);

--
-- AUTO_INCREMENT for dumped tables
--

--
-- AUTO_INCREMENT for table `calendar_events`
--
ALTER TABLE `calendar_events`
  MODIFY `ID` int(11) NOT NULL AUTO_INCREMENT, AUTO_INCREMENT=9;

--
-- AUTO_INCREMENT for table `calendar_event_users`
--
ALTER TABLE `calendar_event_users`
  MODIFY `ID` int(11) NOT NULL AUTO_INCREMENT, AUTO_INCREMENT=29;

--
-- AUTO_INCREMENT for table `custom_fields`
--
ALTER TABLE `custom_fields`
  MODIFY `ID` int(11) NOT NULL AUTO_INCREMENT, AUTO_INCREMENT=4;

--
-- AUTO_INCREMENT for table `email_templates`
--
ALTER TABLE `email_templates`
  MODIFY `ID` int(11) NOT NULL AUTO_INCREMENT, AUTO_INCREMENT=3;

--
-- AUTO_INCREMENT for table `feed_hashtags`
--
ALTER TABLE `feed_hashtags`
  MODIFY `ID` int(11) NOT NULL AUTO_INCREMENT, AUTO_INCREMENT=3;

--
-- AUTO_INCREMENT for table `feed_item`
--
ALTER TABLE `feed_item`
  MODIFY `ID` int(11) NOT NULL AUTO_INCREMENT, AUTO_INCREMENT=158;

--
-- AUTO_INCREMENT for table `feed_item_comments`
--
ALTER TABLE `feed_item_comments`
  MODIFY `ID` int(11) NOT NULL AUTO_INCREMENT, AUTO_INCREMENT=205;

--
-- AUTO_INCREMENT for table `feed_item_comment_likes`
--
ALTER TABLE `feed_item_comment_likes`
  MODIFY `ID` int(11) NOT NULL AUTO_INCREMENT, AUTO_INCREMENT=56;

--
-- AUTO_INCREMENT for table `feed_item_images`
--
ALTER TABLE `feed_item_images`
  MODIFY `ID` int(11) NOT NULL AUTO_INCREMENT, AUTO_INCREMENT=10;

--
-- AUTO_INCREMENT for table `feed_item_subscribers`
--
ALTER TABLE `feed_item_subscribers`
  MODIFY `ID` int(11) NOT NULL AUTO_INCREMENT, AUTO_INCREMENT=183;

--
-- AUTO_INCREMENT for table `feed_item_urls`
--
ALTER TABLE `feed_item_urls`
  MODIFY `ID` int(11) NOT NULL AUTO_INCREMENT;

--
-- AUTO_INCREMENT for table `feed_item_users`
--
ALTER TABLE `feed_item_users`
  MODIFY `ID` int(11) NOT NULL AUTO_INCREMENT, AUTO_INCREMENT=20;

--
-- AUTO_INCREMENT for table `feed_likes`
--
ALTER TABLE `feed_likes`
  MODIFY `ID` int(11) NOT NULL AUTO_INCREMENT, AUTO_INCREMENT=86;

--
-- AUTO_INCREMENT for table `feed_tagged_users`
--
ALTER TABLE `feed_tagged_users`
  MODIFY `ID` int(11) NOT NULL AUTO_INCREMENT;

--
-- AUTO_INCREMENT for table `home_stats`
--
ALTER TABLE `home_stats`
  MODIFY `ID` int(11) NOT NULL AUTO_INCREMENT, AUTO_INCREMENT=2;

--
-- AUTO_INCREMENT for table `instamojo_payment`
--
ALTER TABLE `instamojo_payment`
  MODIFY `id` int(10) UNSIGNED NOT NULL AUTO_INCREMENT, AUTO_INCREMENT=11;

--
-- AUTO_INCREMENT for table `ipn_log`
--
ALTER TABLE `ipn_log`
  MODIFY `ID` int(11) NOT NULL AUTO_INCREMENT;

--
-- AUTO_INCREMENT for table `ip_block`
--
ALTER TABLE `ip_block`
  MODIFY `ID` int(11) NOT NULL AUTO_INCREMENT;

--
-- AUTO_INCREMENT for table `live_chat`
--
ALTER TABLE `live_chat`
  MODIFY `ID` int(11) NOT NULL AUTO_INCREMENT, AUTO_INCREMENT=8;

--
-- AUTO_INCREMENT for table `live_chat_messages`
--
ALTER TABLE `live_chat_messages`
  MODIFY `ID` int(11) NOT NULL AUTO_INCREMENT, AUTO_INCREMENT=32;

--
-- AUTO_INCREMENT for table `live_chat_users`
--
ALTER TABLE `live_chat_users`
  MODIFY `ID` int(11) NOT NULL AUTO_INCREMENT, AUTO_INCREMENT=15;

--
-- AUTO_INCREMENT for table `login_attempts`
--
ALTER TABLE `login_attempts`
  MODIFY `ID` int(11) NOT NULL AUTO_INCREMENT, AUTO_INCREMENT=9;

--
-- AUTO_INCREMENT for table `pages`
--
ALTER TABLE `pages`
  MODIFY `ID` int(11) NOT NULL AUTO_INCREMENT, AUTO_INCREMENT=11;

--
-- AUTO_INCREMENT for table `page_categories`
--
ALTER TABLE `page_categories`
  MODIFY `ID` int(11) NOT NULL AUTO_INCREMENT, AUTO_INCREMENT=11;

--
-- AUTO_INCREMENT for table `page_invites`
--
ALTER TABLE `page_invites`
  MODIFY `ID` int(11) NOT NULL AUTO_INCREMENT, AUTO_INCREMENT=5;

--
-- AUTO_INCREMENT for table `page_users`
--
ALTER TABLE `page_users`
  MODIFY `ID` int(11) NOT NULL AUTO_INCREMENT, AUTO_INCREMENT=26;

--
-- AUTO_INCREMENT for table `password_reset`
--
ALTER TABLE `password_reset`
  MODIFY `ID` int(11) NOT NULL AUTO_INCREMENT, AUTO_INCREMENT=6;

--
-- AUTO_INCREMENT for table `payment_logs`
--
ALTER TABLE `payment_logs`
  MODIFY `ID` int(11) NOT NULL AUTO_INCREMENT, AUTO_INCREMENT=15;

--
-- AUTO_INCREMENT for table `payment_plans`
--
ALTER TABLE `payment_plans`
  MODIFY `ID` int(11) NOT NULL AUTO_INCREMENT, AUTO_INCREMENT=6;

--
-- AUTO_INCREMENT for table `profile_comments`
--
ALTER TABLE `profile_comments`
  MODIFY `ID` int(11) NOT NULL AUTO_INCREMENT;

--
-- AUTO_INCREMENT for table `relationship_requests`
--
ALTER TABLE `relationship_requests`
  MODIFY `ID` int(11) NOT NULL AUTO_INCREMENT;

--
-- AUTO_INCREMENT for table `reports`
--
ALTER TABLE `reports`
  MODIFY `ID` int(11) NOT NULL AUTO_INCREMENT, AUTO_INCREMENT=2;

--
-- AUTO_INCREMENT for table `reset_log`
--
ALTER TABLE `reset_log`
  MODIFY `ID` int(11) NOT NULL AUTO_INCREMENT, AUTO_INCREMENT=7;

--
-- AUTO_INCREMENT for table `site_layouts`
--
ALTER TABLE `site_layouts`
  MODIFY `ID` int(11) NOT NULL AUTO_INCREMENT, AUTO_INCREMENT=5;

--
-- AUTO_INCREMENT for table `site_settings`
--
ALTER TABLE `site_settings`
  MODIFY `ID` int(11) NOT NULL AUTO_INCREMENT, AUTO_INCREMENT=2;

--
-- AUTO_INCREMENT for table `users`
--
ALTER TABLE `users`
  MODIFY `ID` int(11) NOT NULL AUTO_INCREMENT, AUTO_INCREMENT=10;

--
-- AUTO_INCREMENT for table `user_albums`
--
ALTER TABLE `user_albums`
  MODIFY `ID` int(11) NOT NULL AUTO_INCREMENT, AUTO_INCREMENT=13;

--
-- AUTO_INCREMENT for table `user_audios`
--
ALTER TABLE `user_audios`
  MODIFY `ID` int(11) NOT NULL AUTO_INCREMENT, AUTO_INCREMENT=23;

--
-- AUTO_INCREMENT for table `user_custom_fields`
--
ALTER TABLE `user_custom_fields`
  MODIFY `ID` int(11) NOT NULL AUTO_INCREMENT, AUTO_INCREMENT=9;

--
-- AUTO_INCREMENT for table `user_data`
--
ALTER TABLE `user_data`
  MODIFY `ID` int(11) NOT NULL AUTO_INCREMENT, AUTO_INCREMENT=2;

--
-- AUTO_INCREMENT for table `user_events`
--
ALTER TABLE `user_events`
  MODIFY `ID` int(11) NOT NULL AUTO_INCREMENT, AUTO_INCREMENT=3;

--
-- AUTO_INCREMENT for table `user_friends`
--
ALTER TABLE `user_friends`
  MODIFY `ID` int(11) NOT NULL AUTO_INCREMENT, AUTO_INCREMENT=11;

--
-- AUTO_INCREMENT for table `user_friend_requests`
--
ALTER TABLE `user_friend_requests`
  MODIFY `ID` int(11) NOT NULL AUTO_INCREMENT, AUTO_INCREMENT=9;

--
-- AUTO_INCREMENT for table `user_groups`
--
ALTER TABLE `user_groups`
  MODIFY `ID` int(11) NOT NULL AUTO_INCREMENT, AUTO_INCREMENT=3;

--
-- AUTO_INCREMENT for table `user_group_users`
--
ALTER TABLE `user_group_users`
  MODIFY `ID` int(11) NOT NULL AUTO_INCREMENT, AUTO_INCREMENT=10;

--
-- AUTO_INCREMENT for table `user_images`
--
ALTER TABLE `user_images`
  MODIFY `ID` int(11) NOT NULL AUTO_INCREMENT, AUTO_INCREMENT=58;

--
-- AUTO_INCREMENT for table `user_notifications`
--
ALTER TABLE `user_notifications`
  MODIFY `ID` int(11) NOT NULL AUTO_INCREMENT, AUTO_INCREMENT=207;

--
-- AUTO_INCREMENT for table `user_roles`
--
ALTER TABLE `user_roles`
  MODIFY `ID` int(11) NOT NULL AUTO_INCREMENT, AUTO_INCREMENT=8;

--
-- AUTO_INCREMENT for table `user_role_permissions`
--
ALTER TABLE `user_role_permissions`
  MODIFY `ID` int(11) NOT NULL AUTO_INCREMENT, AUTO_INCREMENT=10;

--
-- AUTO_INCREMENT for table `user_saved_posts`
--
ALTER TABLE `user_saved_posts`
  MODIFY `ID` int(11) NOT NULL AUTO_INCREMENT, AUTO_INCREMENT=24;

--
-- AUTO_INCREMENT for table `user_videos`
--
ALTER TABLE `user_videos`
  MODIFY `ID` int(11) NOT NULL AUTO_INCREMENT, AUTO_INCREMENT=20;
COMMIT;

/*!40101 SET CHARACTER_SET_CLIENT=@OLD_CHARACTER_SET_CLIENT */;
/*!40101 SET CHARACTER_SET_RESULTS=@OLD_CHARACTER_SET_RESULTS */;
/*!40101 SET COLLATION_CONNECTION=@OLD_COLLATION_CONNECTION */;
